0.1698906421661377,-0.0099029997363686,-0.8175132870674133
0.3884292244911194,-0.0099055487662553,-0.9397685527801514
0.6330158114433289,-0.0099076991900801,-0.9934651255607604
0.8826709985733032,-0.0099094761535525,-0.9739961624145508
1.115979790687561,-0.0099109839648008,-0.8830305337905884
1.3129289150238037,-0.0099126454442739,-0.7283695936203003
1.456622838973999,-0.009913882240653,-0.523277223110199
1.5347315073013306,-0.0099151926115155,-0.2853456437587738
1.5405519008636477,-0.0099157718941569,-0.0349869914352893
1.4735826253890991,-0.0099149448797106,0.2063222527503967
1.3395675420761108,-0.0099140265956521,0.417877197265625
0.429913580417633,-0.0099032204598188,-0.7483588457107544
0.6705564856529236,-0.0099048372358083,-0.8176532983779907
0.9209547638893129,-0.0099064912647008,-0.8142534494400024
1.1596276760101318,-0.0099081750959157,-0.7384507656097412
1.3661006689071655,-0.0099094342440366,-0.596748411655426
1.522661805152893,-0.0099105071276426,-0.4013019502162933
1.6158804893493652,-0.0099110063165426,-0.1688777357339859
1.6377601623535156,-0.0099111702293157,0.0805855989456176
1.5864235162734983,-0.0099107455462217,0.3256880342960357
1.466274619102478,-0.0099099185317754,0.5454040765762329
0.91747784614563,-0.0099067520350217,-0.634482741355896
1.1605268716812134,-0.0099082197993993,-0.5741666555404663
1.375675082206726,-0.009909613057971,-0.4460184574127197
1.5444667339324951,-0.0099105294793844,-0.2610314786434173
1.652421236038208,-0.0099113937467336,-0.0350746661424636
1.6902785301208496,-0.0099114757031202,0.2124684303998947
1.6547908782958984,-0.0099111776798963,0.4603621363639831
1.1162152290344238,-0.0099080987274646,-0.399907499551773
1.339150309562683,-0.0099093131721019,-0.2858427762985229
1.5194748640060425,-0.0099104829132556,-0.1120789423584938
1.6417196989059448,-0.0099112726747989,0.1064774617552757
-1.6417196989059448,-0.0098890364170074,0.1064767837524414
-1.519474744796753,-0.0098900645971298,-0.1120795756578445
-1.3391504287719729,-0.0098912566900253,-0.2858433127403259
-1.1162152290344238,-0.0098927840590476,-0.3999080955982208
-1.6547911167144775,-0.0098888976499438,0.4603616595268249
-1.6902787685394287,-0.0098888082429766,0.2124679237604141
-1.6524213552474976,-0.0098891360685229,-0.0350752063095569
-1.5444667339324951,-0.0098898662254214,-0.2610320448875427
-1.3756752014160156,-0.0098911253735423,-0.4460189938545227
-1.160526990890503,-0.0098925111815333,-0.5741671919822693
-0.9174779653549194,-0.0098942322656512,-0.6344833970069885
-1.466274380683899,-0.0098901186138391,0.5454035401344299
-1.5864235162734983,-0.0098892841488122,0.3256874680519104
-1.637760043144226,-0.0098891425877809,0.0805851072072982
-1.6158803701400757,-0.009889492765069,-0.1688781678676605
-1.5226616859436035,-0.0098901633173227,-0.4013024866580963
-1.3661006689071655,-0.0098912436515092,-0.596748948097229
-1.1596274375915527,-0.0098927933722734,-0.738451361656189
-0.920954704284668,-0.0098942834883928,-0.8142539262771606
-0.670556366443634,-0.0098959449678659,-0.8176538944244385
-0.4299133718013763,-0.0098974797874689,-0.7483594417572021
-1.3395674228668213,-0.00989546533674,0.4178767502307892
-1.47358238697052,-0.0098945498466491,0.2063217759132385
-1.5405515432357788,-0.009894486516714,-0.0349872782826423
-1.5347312688827517,-0.0098940394818782,-0.2853461802005768
-1.4566224813461304,-0.0098944390192627,-0.5232775211334229
-1.3129287958145142,-0.0098945703357458,-0.7283700704574585
-1.115979552268982,-0.0098959170281887,-0.8830310106277466
-0.8826706409454346,-0.0098972506821155,-0.9739965200424194
-0.633015513420105,-0.0098991151899099,-0.993465542793274
-0.3884288072586059,-0.009900095872581,-0.9397691488265992
-0.1698903739452362,-0.0099006099626421,-0.8175138235092163
0.1639009416103363,0.0457969978451728,-0.8175132274627686
0.3705993890762329,0.1167538836598396,-0.939768612384796
0.6019343137741089,0.1961692571640014,-0.9934651255607604
0.8380630016326904,0.2772302329540252,-0.9739961624145508
1.0587310791015625,0.3529842495918274,-0.8830305337905884
1.245009422302246,0.4169319570064544,-0.7283695936203003
1.380918025970459,0.4635880589485168,-0.5232771635055542
1.454795002937317,0.4889488816261291,-0.2853456437587738
1.4603002071380615,0.4908380806446075,-0.0349869951605796
1.3969590663909912,0.469093918800354,0.2063223272562027
1.2702051401138306,0.425580233335495,0.417877197265625
0.4098351895809173,0.1302260756492614,-0.7483587265014648
0.6374399662017822,0.2083611786365509,-0.8176531791687012
0.8742715120315552,0.2896638214588165,-0.8142533898353577
1.1000128984451294,0.367159366607666,-0.7384508848190308
1.2952991724014282,0.4341998100280761,-0.596748411655426
1.4433777332305908,0.4850342869758606,-0.4013019800186157
1.531545877456665,0.5153017640113831,-0.1688776463270187
1.5522396564483645,0.5224058628082275,0.080585703253746
1.5036847591400146,0.5057372450828552,0.3256880640983581
1.390045404434204,0.4667257964611053,0.5454041361808777
0.8709829449653625,0.288534939289093,-0.6344828009605408
1.1008634567260742,0.367451399564743,-0.5741667151451111
1.304354906082153,0.437308520078659,-0.4460184574127197
1.4640010595321655,0.4921140074729919,-0.2610314488410949
1.5661066770553589,0.5271663665771484,-0.035074733197689
1.6019128561019895,0.5394583940505981,0.2124685049057006
1.5683479309082031,0.5279359221458435,0.4603622257709503
1.0589526891708374,0.3530636727809906,-0.3999075889587402
1.2698088884353638,0.4254492223262787,-0.2858427166938782
1.4403632879257202,0.4839993715286255,-0.1120789423584938
1.5559847354888916,0.5236915349960327,0.1064774543046951
-1.5495555400848389,-0.5424191951751709,0.1064768880605697
-1.4339340925216677,-0.5027270913124084,-0.1120795682072639
-1.2633798122406006,-0.4441771507263183,-0.2858432531356811
-1.0525233745574951,-0.3717914819717407,-0.3999081552028656
-1.5619186162948608,-0.5466629862785339,0.4603617191314697
-1.5954835414886477,-0.5581857562065125,0.2124679535627365
-1.5596771240234375,-0.5458938479423523,-0.0350751876831054
-1.457571506500244,-0.5108417272567749,-0.2610319554805755
-1.297925353050232,-0.4560363888740539,-0.4460189938545227
-1.0944339036941528,-0.3861791789531708,-0.5741671919822693
-0.8645534515380859,-0.3072628378868103,-0.6344833374023438
-1.3836162090301514,-0.4854530096054077,0.5454035401344299
-1.4972554445266724,-0.5244646668434143,0.325687438249588
-1.545810580253601,-0.5411333441734314,0.0805851221084594
-1.5251163244247437,-0.5340293049812317,-0.1688782423734665
-1.436948299407959,-0.5037618279457092,-0.4013025462627411
-1.2888697385787964,-0.4529275894165039,-0.596748948097229
-1.0935834646224976,-0.3858872056007385,-0.7384514212608337
-0.8678420782089233,-0.3083917498588562,-0.8142539262771606
-0.6310104131698608,-0.2270890176296234,-0.8176539540290833
-0.4034056961536407,-0.1489540636539459,-0.7483593225479126
-1.2637726068496704,-0.4443161785602569,0.4178768396377563
-1.390526533126831,-0.4878304302692413,0.206321895122528
-1.4538674354553225,-0.509574830532074,-0.0349873192608356
-1.4483628273010254,-0.5076846480369568,-0.2853462696075439
-1.374485969543457,-0.4823231101036072,-0.5232775807380676
-1.2385777235031128,-0.435665875673294,-0.7283700108528137
-1.0522994995117188,-0.3717177808284759,-0.8830311298370361
-0.8316314816474915,-0.2959637939929962,-0.973996639251709
-0.5955027341842651,-0.2149028480052948,-0.9934653639793396
-0.3641680777072906,-0.1354865431785583,-0.9397691488265992
-0.1574701964855194,-0.0645274594426155,-0.8175137042999268
0.1401499807834625,0.0965341106057167,-0.8175131678581238
0.3126091361045837,0.2307614386081695,-0.9397686719894408
0.5056235790252686,0.3809882700443268,-0.993465006351471
0.7026371955871582,0.5343286991119385,-0.9739962816238404
0.8867517113685608,0.6776286363601685,-0.8830305337905884
1.0421730279922483,0.7985963821411133,-0.7283694744110107
1.1555684804916382,0.8868536949157715,-0.523277223110199
1.2172082662582395,0.9348280429840088,-0.2853455245494842
1.2218010425567627,0.9384030103683472,-0.034987024962902
1.168952703475952,0.8972697257995605,0.2063222229480743
1.0631955862045288,0.8149567246437073,0.417877197265625
0.3453446328639984,0.2562435865402221,-0.7483588457107544
0.5352466106414795,0.4040484130382538,-0.8176532983779907
0.7328470349311829,0.5578450560569763,-0.8142534494400024
0.921194314956665,0.7044398188591003,-0.7384508848190308
1.0841312408447266,0.8312572836875916,-0.5967483520507812
1.207680344581604,0.9274182319641112,-0.4013019502162933
1.2812435626983645,0.9846742749214172,-0.1688776612281799
1.2985094785690308,0.9981128573417664,0.0805856212973594
1.2579976320266724,0.9665815234184264,0.3256881237030029
1.163182497024536,0.8927851319313049,0.5454041361808777
0.7301031947135925,0.5557094812393188,-0.6344828009605408
0.9219038486480712,0.7049921154975891,-0.5741665959358215
1.0916868448257446,0.8371381163597107,-0.4460184872150421
1.224887728691101,0.9408112168312072,-0.2610315084457397
1.3100793361663818,1.0071178674697876,-0.0350747033953666
1.339954137802124,1.0303701162338257,0.2124684303998947
1.3119492530822754,1.008573293685913,0.4603621661663055
0.8869355916976929,0.6777758002281189,-0.3999075889587402
1.0628634691238403,0.8147042989730835,-0.2858427762985229
1.2051653861999512,0.9254611134529114,-0.1120789870619773
1.3016341924667358,1.0005451440811155,0.1064774245023727
-1.2894726991653442,-1.0161701440811155,0.1064768284559249
-1.19300377368927,-0.9410864114761353,-0.1120796576142311
-1.0507018566131592,-0.8303297758102417,-0.2858433127403259
-0.8747738003730774,-0.6934011578559875,-0.399908185005188
-1.2997877597808838,-1.0241985321044922,0.4603617787361145
-1.3277926445007324,-1.0459954738616943,0.2124679982662201
-1.297917723655701,-1.0227432250976562,-0.0350751392543315
-1.2127257585525513,-0.9564366340637208,-0.2610319852828979
-1.079525113105774,-0.8527635931968689,-0.4460190236568451
-0.9097420573234558,-0.7206177711486816,-0.5741671323776245
-0.7179412841796875,-0.5713351964950562,-0.6344833374023438
-1.1510210037231443,-0.9084101319313048,0.5454035401344299
-1.2458359003067017,-0.9822067618370056,0.3256874084472656
-1.28634774684906,-1.0137381553649902,0.08058512955904
-1.269081711769104,-1.0002995729446411,-0.1688782423734665
-1.1955184936523438,-0.943043887615204,-0.4013025164604187
-1.0719692707061768,-0.8468828201293945,-0.596748948097229
-0.9090320467948914,-0.7200654745101929,-0.7384514212608337
-0.720684826374054,-0.5734707117080688,-0.8142538666725159
-0.5230845212936401,-0.4196740090847015,-0.8176537752151489
-0.3331826031208038,-0.2718693017959595,-0.7483593225479126
-1.05102801322937,-0.8305893540382385,0.4178767800331116
-1.1567851305007937,-0.9129025936126708,0.2063217908143997
-1.209633469581604,-0.9540356397628784,-0.0349873006343841
-1.205040454864502,-0.9504607319831848,-0.2853462398052215
-1.1434016227722168,-0.9024850726127625,-0.5232775807380676
-1.030007004737854,-0.8142265677452087,-0.7283700704574585
-0.8745858073234558,-0.6932588815689087,-0.8830310106277466
-0.6904718279838562,-0.5499584078788757,-0.9739966988563538
-0.4934576451778412,-0.3966183662414551,-0.9934654831886292
-0.3004437685012817,-0.2463910579681396,-0.93976891040802
-0.1279860138893127,-0.1121620014309883,-0.8175137042999268
0.1012114211916923,0.1368104070425033,-0.8175132870674133
0.2207426130771637,0.3197624087333679,-0.939768612384796
0.354520320892334,0.5245212316513062,-0.993465006351471
0.4910694658756256,0.7335237264633179,-0.9739962816238404
0.618678629398346,0.9288410544395448,-0.8830304145812988
0.7264003753662109,1.0937200784683228,-0.7283695936203003
0.804994523525238,1.2140146493911743,-0.5232771635055542
0.8477164506912231,1.2794045209884644,-0.2853457033634186
0.8509003520011902,1.2842769622802734,-0.0349869914352893
0.8142715692520142,1.2282124757766724,0.2063223123550415
0.7409712672233582,1.1160200834274292,0.4178772270679474
0.2434304058551788,0.3544929325580597,-0.7483588457107544
0.3750506341457367,0.5559505820274353,-0.8176532983779907
0.5120065808296204,0.7655748724937439,-0.8142533302307129
0.6425492167472839,0.9653831720352172,-0.738450825214386
0.7554801106452942,1.138235092163086,-0.5967484712600708
0.8411115407943726,1.2693023681640625,-0.4013019502162933
0.8920976519584656,1.347341537475586,-0.1688776612281799
0.9040646553039552,1.3656585216522217,0.0805856510996818
0.8759860396385193,1.3226813077926636,0.3256880342960357
0.8102701902389526,1.2220969200134275,0.5454040765762329
0.510104775428772,0.7626641988754272,-0.6344829201698303
0.6430410146713257,0.9661360383033752,-0.5741667151451111
0.7607168555259705,1.1462504863739014,-0.4460185170173645
0.8530376553535461,1.2875564098358154,-0.2610314786434173
0.9120836853981018,1.3779321908950806,-0.035074770450592
0.9327898025512696,1.4096251726150513,0.2124684005975723
0.9133796095848083,1.3799161911010742,0.4603621065616607
0.6188047528266907,0.9290400147438048,-0.399907648563385
0.7407395243644714,1.115673303604126,-0.2858428359031677
0.8393683433532715,1.266634464263916,-0.112078957259655
0.9062304496765136,1.3689733743667605,0.1064774915575981
-0.8896545767784119,-1.37980318069458,0.1064768508076667
-0.8227922916412354,-1.2774643898010254,-0.1120795086026191
-0.7241634130477905,-1.1265032291412354,-0.2858433425426483
-0.6022285223007202,-0.9398701190948486,-0.3999081254005432
-0.8968038558959961,-1.3907456398010254,0.4603616595268249
-0.916213870048523,-1.420454740524292,0.2124679088592529
-0.8955075740814209,-1.38876211643219,-0.0350752212107181
-0.8364613652229309,-1.2983863353729248,-0.2610320448875427
-0.7441405057907104,-1.1570802927017212,-0.4460190534591675
-0.6264645457267761,-0.9769660234451294,-0.5741671919822693
-0.4935283660888672,-0.7734942436218262,-0.6344833374023438
-0.7936941981315613,-1.232926368713379,0.545403778553009
-0.8594098687171936,-1.3335108757019043,0.3256875872611999
-0.8874883651733398,-1.3764880895614624,0.0805852487683296
-0.8755213022232056,-1.3581713438034058,-0.1688780933618545
-0.824535071849823,-1.2801320552825928,-0.4013023972511291
-0.7389035224914551,-1.1490647792816162,-0.5967488884925842
-0.6259723901748657,-0.976213037967682,-0.7384512424468994
-0.4954298734664917,-0.776404857635498,-0.8142538070678711
-0.3584738075733185,-0.5667806267738342,-0.8176536560058594
-0.2268536388874054,-0.3653228878974914,-0.7483592629432678
-0.7243871688842773,-1.1268547773361206,0.4178768396377563
-0.7976869940757751,-1.2390471696853638,0.2063217461109161
-0.8343163132667542,-1.2951112985610962,-0.0349873341619968
-0.8311329483985901,-1.290238857269287,-0.2853461503982544
-0.7884114980697632,-1.2248486280441284,-0.5232774019241333
-0.7098180651664734,-1.10455322265625,-0.728369951248169
-0.6020967960357666,-0.9396742582321168,-0.8830310702323914
-0.4744882881641388,-0.7443564534187317,-0.973996639251709
-0.337938517332077,-0.5353543162345886,-0.9934656023979188
-0.204161524772644,-0.3305948972702026,-0.9397690296173096
-0.0846323817968368,-0.1476416587829589,-0.8175137042999268
0.051305241882801,0.1622610092163086,-0.8175132870674133
0.104955181479454,0.3741118907928467,-0.9397685527801514
0.1649992167949676,0.611213743686676,-0.993465006351471
0.2262868136167526,0.8532294034957886,-0.9739961624145508
0.2835617661476135,1.07939875125885,-0.8830305933952332
0.3319111168384552,1.270321011543274,-0.7283694744110107
0.3671867251396179,1.4096176624298096,-0.5232771039009094
0.3863622546195984,1.4853360652923584,-0.285345584154129
0.3877917528152466,1.4909780025482178,-0.0349869206547737
0.371351033449173,1.426058292388916,0.2063222825527191
0.3384518325328827,1.296143889427185,0.4178770780563354
0.1151367053389549,0.4143273532390594,-0.7483588457107544
0.1742120385169983,0.6476064324378967,-0.8176532983779907
0.2356822490692138,0.8903424739837646,-0.8142535090446472
0.2942739129066467,1.121711492538452,-0.7384507656097412
0.3449608981609344,1.321866512298584,-0.5967483520507812
0.3833949565887451,1.4736366271972656,-0.4013019204139709
0.4062790870666504,1.5640027523040771,-0.1688776910305023
0.4116502404212951,1.5852127075195312,0.08058562874794
0.3990476131439209,1.5354474782943726,0.3256880640983581
0.3695522248744964,1.4189752340316772,0.5454041361808777
0.2348285913467407,0.8869718313217163,-0.6344828009605408
0.2944946587085724,1.1225833892822266,-0.5741667747497559
0.3473112881183624,1.3311481475830078,-0.4460185170173645
0.3887477815151214,1.4947742223739624,-0.2610314488410949
0.4152494072914123,1.5994253158569336,-0.0350747443735599
0.4245429635047912,1.6361243724822998,0.2124684005975723
0.4158310294151306,1.6017225980758667,0.4603621065616607
0.2836166322231293,1.0796279907226562,-0.3999077081680298
0.3383448421955108,1.295740842819214,-0.2858428359031677
0.3826125562191009,1.4705473184585571,-0.1120790615677833
0.4126223027706146,1.589051604270935,0.1064773648977279
-0.3934279680252075,-1.5939122438430786,0.1064768433570861
-0.3634180426597595,-1.4754081964492798,-0.1120796278119087
-0.3191502094268799,-1.300601840019226,-0.2858433127403259
-0.2644218504428863,-1.0844887495040894,-0.399908185005188
-0.3966367840766907,-1.6065832376480105,0.4603617787361145
-0.4053485989570617,-1.6409850120544434,0.2124679833650589
-0.3960548937320709,-1.6042861938476562,-0.0350751690566539
-0.3695530593395233,-1.499635100364685,-0.2610319554805755
-0.3281164765357971,-1.3360087871551514,-0.4460189938545227
-0.2752998173236847,-1.1274441480636597,-0.5741672515869141
-0.215633675456047,-0.8918327689170837,-0.6344832181930542
-0.350358247756958,-1.4238356351852417,0.5454035997390747
-0.3798535168170929,-1.540308117866516,0.325687438249588
-0.3924560546875,-1.590073585510254,0.0805851593613624
-0.3870847523212433,-1.5688637495040894,-0.1688782274723053
-0.3642004430294037,-1.4784976243972778,-0.4013024866580963
-0.3257662653923034,-1.326727271080017,-0.5967490077018738
-0.2750791609287262,-1.1265724897384644,-0.738451361656189
-0.2164875119924545,-0.8952032327651978,-0.8142538666725159
-0.1550172865390777,-0.6524671316146851,-0.817654013633728
-0.095941923558712,-0.4191882014274597,-0.7483593225479126
-0.3192485272884369,-1.3010070323944092,0.417876660823822
-0.3521468937397003,-1.4309210777282717,0.2063218504190445
-0.3685876131057739,-1.495841145515442,-0.0349873974919319
-0.3671593964099884,-1.490198850631714,-0.2853461802005768
-0.3479849100112915,-1.4144800901412964,-0.5232775211334229
-0.3127098679542541,-1.2751833200454712,-0.728369951248169
-0.2643608152866363,-1.0842608213424685,-0.8830311298370361
-0.207086369395256,-0.8580913543701172,-0.9739966988563538
-0.1457982510328292,-0.6160759329795837,-0.9934654235839844
-0.0857553258538246,-0.3789737820625305,-0.9397690296173096
-0.0321074947714805,-0.1671221852302551,-0.8175137042999268
-0.0041608246974647,0.1701278984546661,-0.8175131678581238
-0.0222058650106191,0.3879200518131256,-0.9397684931755066
-0.0424022711813449,0.6316717267036438,-0.9934651255607604
-0.063017763197422,0.8804742097854614,-0.9739962816238404
-0.0822834968566894,1.1129860877990725,-0.8830306529998779
-0.0985467433929443,1.3092628717422483,-0.7283695936203003
-0.1104121208190918,1.4524660110473633,-0.5232771635055542
-0.116861343383789,1.5303078889846802,-0.2853457033634186
-0.1173411384224891,1.5361082553863523,-0.0349869988858699
-0.1118109077215194,1.4693678617477417,0.2063223719596862
-0.1007452458143234,1.3358104228973389,0.4178772568702698
-0.0256339162588119,0.4292627274990082,-0.7483587265014648
-0.0455052815377712,0.6690838932991028,-0.8176532983779907
-0.0661821141839027,0.91862690448761,-0.8142534494400024
-0.0858907178044319,1.156484603881836,-0.7384507656097412
-0.102940484881401,1.3622528314590454,-0.596748411655426
-0.1158687099814415,1.5182790756225586,-0.4013019204139709
-0.1235663741827011,1.611179232597351,-0.1688775867223739
-0.1253731846809387,1.6329841613769531,0.0805857628583908
-0.1211340874433517,1.5818227529525757,0.3256880939006805
-0.1112127304077148,1.462084412574768,0.5454041957855225
-0.065894991159439,0.9151617884635924,-0.6344828605651855
-0.0859650522470474,1.1573807001113892,-0.5741667151451111
-0.103731133043766,1.3717942237854004,-0.4460185468196869
-0.1176692992448806,1.5400090217590332,-0.2610314488410949
-0.1265838146209716,1.6475951671600342,-0.0350746922194957
-0.1297100335359573,1.6853232383728027,0.2124684303998947
-0.12677963078022,1.6499567031860352,0.4603621363639831
-0.0823059007525444,1.113220453262329,-0.3999076783657074
-0.1007150411605835,1.335394024848938,-0.2858427166938782
-0.1156055256724357,1.5151026248931885,-0.1120789423584938
-0.1257000267505645,1.6369301080703735,0.1064774170517921
0.145432710647583,-1.6352956295013428,0.1064769178628921
0.1353382915258407,-1.5134682655334473,-0.1120794788002967
0.1204479411244392,-1.3337595462799072,-0.2858432531356811
0.1020388454198837,-1.1115858554840088,-0.3999082148075104
0.1465121209621429,-1.6483218669891355,0.4603617191314697
0.1494426131248474,-1.683688402175903,0.2124679684638977
0.1463165879249572,-1.6459603309631348,-0.035075195133686
0.1374021917581558,-1.5383743047714231,-0.2610319554805755
0.1234641745686531,-1.370159387588501,-0.4460189640522003
0.1056982204318046,-1.1557458639144895,-0.5741671323776245
0.0856281444430351,-0.913527011871338,-0.6344832181930542
0.1309450566768646,-1.46044921875,0.5454037189483643
0.1408664733171463,-1.5801880359649658,0.3256874680519104
0.1451057195663452,-1.6313493251800537,0.0805852338671684
0.1432990431785583,-1.6095445156097412,-0.1688781380653381
0.1356015503406524,-1.51664400100708,-0.4013024270534515
0.1226734295487403,-1.3606175184249878,-0.5967488884925842
0.1056237518787384,-1.1548495292663574,-0.738451361656189
0.0859151855111122,-0.9169918298721312,-0.8142539262771606
0.0652383267879486,-0.6674486994743347,-0.8176537752151489
0.0453669615089893,-0.4276275336742401,-0.7483593821525574
0.1204872131347656,-1.334174394607544,0.4178766906261444
0.1315535008907318,-1.4677317142486572,0.2063218057155609
0.1370837688446045,-1.5344723463058472,-0.0349873043596744
0.1366027593612671,-1.5286719799041748,-0.2853462100028991
0.1301521360874176,-1.4508299827575684,-0.5232775807380676
0.1182861775159835,-1.3076269626617432,-0.7283700704574585
0.1020226627588272,-1.1113502979278564,-0.8830311298370361
0.082756869494915,-0.8788385391235352,-0.973996639251709
0.0621415078639984,-0.6300358176231384,-0.9934654831886292
0.0419440157711505,-0.3862845301628113,-0.9397690296173096
0.0238968860357999,-0.1684925258159637,-0.8175137042999268
-0.0591762959957122,0.1595590412616729,-0.8175134062767029
-0.1469604521989822,0.3596912622451782,-0.9397687315940856
-0.2452089339494705,0.5836777091026306,-0.993465006351471
-0.345493733882904,0.8123054504394531,-0.9739961624145508
-0.4392123818397522,1.0259637832641602,-0.8830305933952332
-0.5183250308036804,1.2063249349594116,-0.7283694744110107
-0.5760456323623657,1.3379160165786743,-0.5232770442962646
-0.6074209809303284,1.409446120262146,-0.2853456139564514
-0.6097584366798401,1.4147764444351196,-0.0349868945777416
-0.5828577280044556,1.3534477949142456,0.2063222527503967
-0.5290244817733765,1.2307201623916626,0.4178771376609802
-0.1636268496513366,0.3976806998252868,-0.7483589053153992
-0.2602915167808532,0.6180552244186401,-0.8176531791687012
-0.3608749210834503,0.8473635315895081,-0.8142533898353577
-0.4567481577396393,1.0659340620040894,-0.7384507656097412
-0.5396870970726013,1.255016803741455,-0.5967483520507812
-0.6025766730308533,1.3983911275863647,-0.4013018310070038
-0.6400222182273865,1.483758568763733,-0.1688776016235351
-0.6488111019134521,1.5037953853607178,0.080585777759552
-0.6281895637512207,1.4567824602127075,0.3256881237030029
-0.579926609992981,1.3467531204223633,0.5454042553901672
-0.359478086233139,0.8441795110702515,-0.6344828605651855
-0.457109272480011,1.0667575597763062,-0.5741665959358215
-0.5435329079627991,1.263784646987915,-0.4460183978080749
-0.6113353371620178,1.4183595180511477,-0.2610312700271606
-0.6547001600265503,1.5172216892242432,-0.0350745506584644
-0.6699071526527405,1.551890254020691,0.2124685645103454
-0.6556521058082581,1.519391417503357,0.4603623151779175
-0.4393095970153808,1.0261777639389038,-0.3999075889587402
-0.5288611054420471,1.2303359508514404,-0.2858427166938782
-0.6012963056564331,1.395472526550293,-0.112078957259655
-0.6504012942314148,1.5074211359024048,0.1064774841070175
0.6685341000556946,-1.4994679689407349,0.1064769849181175
0.6194292306900024,-1.3875192403793335,-0.112079344689846
0.546994149684906,-1.22238290309906,-0.2858430743217468
0.4574427008628845,-1.0182244777679443,-0.3999080657958984
0.6737846732139587,-1.511438012123108,0.4603617191314697
0.6880399584770203,-1.5439367294311523,0.2124680280685424
0.6728329658508301,-1.509268045425415,-0.03507512062788
0.6294683814048767,-1.4104057550430298,-0.2610319852828979
0.5616660118103027,-1.255831003189087,-0.4460189342498779
0.4752424657344818,-1.058803677558899,-0.5741670727729797
0.3776112496852875,-0.8362257480621338,-0.634483277797699
0.5980587005615234,-1.3387997150421145,0.5454035997390747
0.6463217735290527,-1.4488290548324585,0.3256874680519104
0.6669434309005737,-1.4958417415618896,0.0805851146578788
0.6581546664237976,-1.4758050441741943,-0.1688781678676605
0.6207093596458435,-1.3904377222061155,-0.4013025164604187
0.5578199028968811,-1.247062921524048,-0.5967490077018738
0.4748810529708862,-1.057980179786682,-0.7384514808654785
0.3790077567100525,-0.8394098281860352,-0.8142538666725159
0.278424471616745,-0.6101013422012329,-0.8176538944244385
0.1817598193883896,-0.389726847410202,-0.7483592629432678
0.5471656918525696,-1.2227627038955688,0.4178767800331116
0.6009984016418457,-1.3454900979995728,0.2063217759132385
0.6278997659683228,-1.406818985939026,-0.0349873565137386
0.6255614757537842,-1.401489019393921,-0.2853462100028991
0.5941851139068604,-1.3299593925476074,-0.5232775807380676
0.5364639759063721,-1.1983683109283447,-0.728370189666748
0.4573507905006408,-1.0180072784423828,-0.8830311298370361
0.3636317849159241,-0.8043493032455444,-0.9739967584609984
0.2633472383022308,-0.5757212042808533,-0.9934653639793396
0.1650979071855545,-0.3517352938652038,-0.9397690296173096
0.0773115828633308,-0.1516036689281463,-0.817513644695282
-0.1077784895896911,0.1316989362239837,-0.8175131678581238
-0.2557897269725799,0.2924840450286865,-0.9397687911987304
-0.4214431047439575,0.4724330604076385,-0.9934651255607604
-0.5905294418334961,0.6561104655265808,-0.9739962816238404
-0.7485449910163879,0.8277615904808044,-0.8830305337905884
-0.8819348812103271,0.9726619124412536,-0.7283695936203003
-0.979255437850952,1.0783816576004028,-0.5232771635055542
-1.0321567058563232,1.1358481645584106,-0.2853456735610962
-1.0360983610153198,1.1401307582855225,-0.0349869802594184
-0.9907411932945251,1.09086012840271,0.2063223421573639
-0.8999752402305603,0.992261528968811,0.4178771376609802
-0.2838879227638244,0.3230031728744507,-0.7483588457107544
-0.4468707144260406,0.5000501871109009,-0.817653238773346
-0.6164605021476746,0.6842746138572693,-0.8142534494400024
-0.7781089544296265,0.859872043132782,-0.738450825214386
-0.9179491400718688,1.0117793083190918,-0.5967483520507812
-1.0239849090576172,1.1269652843475342,-0.4013020396232605
-1.0871201753616333,1.1955487728118896,-0.1688777357339859
-1.1019389629364014,1.211646318435669,0.0805856510996818
-1.0671696662902832,1.1738766431808472,0.3256880342960357
-0.9857951402664183,1.085479736328125,0.5454040169715881
-0.6141055226325989,0.6817165017127991,-0.634482741355896
-0.7787178158760071,0.8605337142944336,-0.574166476726532
-0.9244336485862732,1.0188238620758057,-0.4460183978080749
-1.038752794265747,1.1430078744888306,-0.2610314488410949
-1.111868381500244,1.2224327325820925,-0.035074658691883
-1.1375083923339844,1.2502851486206057,0.212468534708023
-1.113473415374756,1.2241759300231934,0.4603622257709503
-0.7487067580223083,0.8279326558113098,-0.3999075889587402
-0.8996963500976562,0.9919515252113342,-0.2858427762985229
-1.0218266248703003,1.124620795249939,-0.1120790392160415
-1.1046208143234253,1.214559555053711,0.1064773872494697
1.1191883087158203,-1.2011492252349854,0.1064768582582473
1.0363943576812744,-1.1112104654312134,-0.1120796352624893
0.9142642617225648,-0.9785411953926086,-0.2858434021472931
0.7632746696472168,-0.8145223259925842,-0.3999080955982208
1.1280410289764404,-1.2107659578323364,0.4603617191314697
1.152076244354248,-1.236875057220459,0.2124680280685424
1.126436471939087,-1.2090225219726562,-0.0350751914083957
1.0533208847045898,-1.129597306251526,-0.2610319852828979
0.939001739025116,-1.0054134130477903,-0.4460189342498779
0.7932860851287842,-0.847123384475708,-0.5741671919822693
0.6286736726760864,-0.6683060526847839,-0.6344833374023438
1.000362515449524,-1.0720696449279783,0.5454035401344299
1.081737041473389,-1.1604663133621216,0.3256874084472656
1.1165063381195068,-1.1982359886169434,0.0805851221084594
1.1016879081726074,-1.182138442993164,-0.1688782721757888
1.0385527610778809,-1.113555073738098,-0.4013025164604187
0.9325169324874878,-0.9983690977096558,-0.5967490077018738
0.7926768064498901,-0.8464615345001221,-0.7384514808654785
0.6310283541679382,-0.6708639860153198,-0.8142539858818054
0.4614385664463043,-0.4866398274898529,-0.8176538944244385
0.2984558045864105,-0.3095928728580475,-0.7483593225479126
0.9145495891571044,-0.978844940662384,0.4178767502307892
1.0053157806396484,-1.0774427652359009,0.2063217759132385
1.0506725311279297,-1.1267142295837402,-0.0349873788654804
1.0467301607131958,-1.1224324703216553,-0.2853461503982544
0.9938284754753112,-1.0649659633636477,-0.5232776403427124
0.8965069651603699,-0.9592471718788148,-0.728369951248169
0.7631171345710754,-0.8143467307090759,-0.8830311298370361
0.6051018238067627,-0.6426956057548523,-0.973996639251709
0.4360151886940002,-0.4590180814266205,-0.9934653639793396
0.2703610956668854,-0.2790698409080505,-0.9397689700126648
0.122348353266716,-0.1182863488793373,-0.8175137042999268
-0.1447013765573501,0.0895672440528869,-0.8175132274627686
-0.3368996381759643,0.1935813724994659,-0.939768612384796
-0.5520070195198059,0.309992253780365,-0.993465006351471
-0.7715719938278198,0.4288153350353241,-0.9739962816238404
-0.976760983467102,0.5398581027984619,-0.8830305337905884
-1.1499723196029663,0.6335961818695068,-0.7283695936203003
-1.276347041130066,0.701987087726593,-0.5232770442962646
-1.3450415134429932,0.7391635179519653,-0.2853455543518066
-1.3501598834991455,0.7419341802597046,-0.0349869988858699
-1.2912622690200806,0.7100599408149719,0.2063222229480743
-1.173399567604065,0.6462756395339966,0.4178771376609802
-0.3733851611614227,0.2133235335350036,-0.7483587265014648
-0.5850241184234619,0.3278572559356689,-0.8176531791687012
-0.805242657661438,0.4470337927341461,-0.8142532706260681
-1.0151491165161133,0.5606297850608826,-0.7384507656097412
-1.1967366933822632,0.6589003205299377,-0.5967482924461365
-1.334428071975708,0.7334151864051819,-0.4013018906116485
-1.4164113998413086,0.7777825593948364,-0.1688776463270187
-1.4356540441513062,0.7881959676742554,0.0805857554078102
-1.3905048370361328,0.7637622952461243,0.3256881237030029
-1.2848371267318726,0.7065775394439697,0.5454041361808777
-0.8021849393844604,0.4453790783882141,-0.6344828605651855
-1.0159399509429932,0.5610577464103699,-0.5741665959358215
-1.2051571607589722,0.6634571552276611,-0.4460183978080749
-1.3536046743392944,0.7437931895256042,-0.2610313892364502
-1.4485480785369873,0.7951741218566895,-0.0350747108459472
-1.4818426370620728,0.8131920099258423,0.2124684751033783
-1.450632095336914,0.7963016629219055,0.4603621661663055
-0.976969301700592,0.5399677157402039,-0.3999075591564178
-1.1730347871780396,0.6460732221603394,-0.2858426868915558
-1.3316253423690796,0.7318984270095825,-0.1120789274573326
-1.4391365051269531,0.7900806069374084,0.1064775213599205
1.4485604763031006,-0.7726671695709229,0.1064769029617309
1.341049313545227,-0.7144849300384521,-0.1120795086026191
1.182458996772766,-0.628659725189209,-0.2858432531356811
0.9863934516906738,-0.5225540995597839,-0.3999080955982208
1.4600560665130615,-0.7788884043693542,0.4603616595268249
1.4912666082382202,-0.7957786917686462,0.2124679535627365
1.457972288131714,-0.77776038646698,-0.0350751876831054
1.363028883934021,-0.7263794541358948,-0.2610320746898651
1.2145813703536987,-0.6460435390472412,-0.4460189938545227
1.0253643989562988,-0.5436440110206604,-0.5741671323776245
0.8116092085838318,-0.4279652237892151,-0.6344833374023438
1.294260859489441,-0.6891642808914185,0.5454036593437195
1.3999288082122805,-0.7463489174842834,0.3256875276565552
1.4450777769088743,-0.7707825303077698,0.0805852934718132
1.4258354902267456,-0.760368824005127,-0.1688781678676605
1.3438522815704346,-0.7160013318061829,-0.4013024270534515
1.2061607837677002,-0.641486406326294,-0.5967488288879395
1.0245733261108398,-0.543215811252594,-0.7384513020515442
0.8146670460700989,-0.4296197891235351,-0.8142538070678711
0.594448447227478,-0.3104431927204132,-0.8176537156105042
0.3828093409538269,-0.1959094405174255,-0.7483593821525574
1.182827711105347,-0.6288537383079529,0.4178767800331116
1.3006902933120728,-0.692638099193573,0.2063216865062713
1.359588384628296,-0.7245115637779236,-0.0349872708320617
1.3544690608978271,-0.7217419743537903,-0.2853462994098663
1.2857743501663208,-0.6845667362213135,-0.5232776403427124
1.1593992710113523,-0.616176187992096,-0.7283701300621033
0.9861875772476196,-0.522439181804657,-0.8830310106277466
0.780998706817627,-0.4113960862159729,-0.9739965796470642
0.561433732509613,-0.2925730645656585,-0.9934654831886292
0.3463260233402252,-0.1761626899242401,-0.9397690296173096
0.1541266441345214,-0.0721507743000984,-0.8175137639045715
-0.1659438014030456,0.0377296060323715,-0.8175132274627686
-0.3815016150474548,0.0737013667821884,-0.9397687315940856
-0.62275230884552,0.1139591559767723,-0.9934650659561156
-0.8690024018287659,0.1550513207912445,-0.9739961624145508
-1.0991291999816897,0.1934527456760406,-0.8830305337905884
-1.2933920621871948,0.2258700132369995,-0.7283694744110107
-1.4351260662078855,0.2495216131210327,-0.5232771635055542
-1.5121694803237915,0.2623786628246307,-0.2853456139564514
-1.517910361289978,0.263336569070816,-0.0349870026111602
-1.451854586601257,0.2523142397403717,0.2063222378492355
-1.3196669816970823,0.2302557826042175,0.417877197265625
-0.42242032289505,0.0805267542600631,-0.7483587861061096
-0.6597812175750732,0.1201353594660759,-0.8176532983779907
-0.9067644476890564,0.1613496840000152,-0.8142533898353577
-1.1421819925308228,0.2006338834762573,-0.7384507656097412
-1.345839023590088,0.2346182763576507,-0.5967482924461365
-1.5002648830413818,0.2603873610496521,-0.4013019204139709
-1.5922123193740845,0.2757308185100555,-0.1688776612281799
-1.6137934923171997,0.2793319225311279,0.0805857256054878
-1.5631569623947144,0.2708821296691894,0.3256880342960357
-1.4446467161178589,0.2511061728000641,0.5454040765762329
-0.9033349752426147,0.1607772260904312,-0.634482741355896
-1.1430691480636597,0.2007819414138794,-0.5741666555404663
-1.35528302192688,0.2361942529678344,-0.4460184574127197
-1.521772384643555,0.2639763355255127,-0.2610314488410949
-1.628254771232605,0.2817451953887939,-0.0350747630000114
-1.665595769882202,0.2879762649536133,0.2124684303998947
-1.6305919885635376,0.2821349799633026,0.4603621959686279
-1.099361777305603,0.1934884488582611,-0.3999075889587402
-1.31925630569458,0.2301823496818542,-0.2858427166938782
-1.4971214532852173,0.2598628103733063,-0.1120789721608161
-1.6176990270614624,0.2799836099147796,0.1064774692058563
1.6209583282470703,-0.2604537606239319,0.1064768433570861
1.5003806352615356,-0.2403327822685241,-0.1120796427130699
1.3225157260894775,-0.2106523215770721,-0.2858433127403259
1.102621078491211,-0.1739582419395446,-0.399908185005188
1.6338509321212769,-0.2626052498817444,0.4603617191314697
1.6688547134399414,-0.2684462666511535,0.2124679535627365
1.6315137147903442,-0.2622151374816894,-0.0350752621889114
1.5250314474105835,-0.2444462329149246,-0.2610321044921875
1.3585422039031982,-0.2166639417409896,-0.4460190236568451
1.146328330039978,-0.1812517046928405,-0.5741671323776245
0.9065940976142884,-0.1412470638751983,-0.6344833374023438
1.4479055404663086,-0.2315764129161834,0.5454036593437195
1.5664161443710327,-0.2513522207736969,0.3256874978542328
1.617052435874939,-0.259801983833313,0.080585166811943
1.5954713821411133,-0.2562006115913391,-0.1688781827688217
1.503523826599121,-0.2408573031425476,-0.4013024270534515
1.3490982055664062,-0.2150880098342895,-0.5967488884925842
1.1454411745071411,-0.1811034381389618,-0.7384514212608337
0.9100235104560852,-0.1418190449476242,-0.8142539262771606
0.663040280342102,-0.1006048545241355,-0.8176537752151489
0.4256793558597564,-0.0609962046146392,-0.7483593225479126
1.322927474975586,-0.2107165157794952,0.4178767800331116
1.455114722251892,-0.2327742576599121,0.2063218653202057
1.521170735359192,-0.2437973916530609,-0.0349873006343841
1.5154298543930054,-0.2428397387266159,-0.2853460907936096
1.438386082649231,-0.229983776807785,-0.5232775807380676
1.29665207862854,-0.206333115696907,-0.7283700704574585
1.1023890972137451,-0.1739163547754287,-0.8830310106277466
0.8722622990608215,-0.1355151385068893,-0.973996877670288
0.6260120272636414,-0.0944229289889335,-0.9934654831886292
0.3847611546516418,-0.0541658401489257,-0.9397689700126648
0.1692028492689132,-0.0181964114308357,-0.8175139427185059
-0.1692031323909759,-0.0181965753436088,-0.8175131678581238
-0.3847612738609314,-0.0541657879948616,-0.9397687315940856
-0.6260122656822205,-0.0944230258464813,-0.993465006351471
-0.8722625374794006,-0.1355153918266296,-0.9739961624145508
-1.1023893356323242,-0.1739165186882019,-0.8830305337905884
-1.29665207862854,-0.2063333839178085,-0.7283694744110107
-1.4383866786956787,-0.2299837321043014,-0.5232771635055542
-1.515429973602295,-0.2428400218486786,-0.2853456437587738
-1.5211710929870603,-0.2437974959611892,-0.0349869690835475
-1.4551148414611816,-0.2327743470668792,0.206322357058525
-1.322927474975586,-0.2107167840003967,0.417877197265625
-0.4256793558597564,-0.0609964728355407,-0.7483587265014648
-0.6630402207374573,-0.1006049290299415,-0.8176532983779907
-0.9100233912467957,-0.1418192386627197,-0.8142533898353577
-1.1454410552978516,-0.1811036765575409,-0.7384507656097412
-1.3490980863571167,-0.2150881290435791,-0.596748411655426
-1.503523826599121,-0.2408573031425476,-0.4013018906116485
-1.5954713821411133,-0.2562007308006286,-0.1688775420188903
-1.6170523166656494,-0.2598021030426025,0.0805856585502624
-1.5664159059524536,-0.2513523697853088,0.3256880640983581
-1.447905659675598,-0.2315764725208282,0.5454041361808777
-0.9065941572189332,-0.14124695956707,-0.6344828605651855
-1.1463282108306885,-0.1812516152858734,-0.5741666555404663
-1.3585422039031982,-0.2166640162467956,-0.4460184574127197
-1.5250314474105835,-0.2444462776184082,-0.2610314488410949
-1.6315137147903442,-0.262215256690979,-0.0350747257471084
-1.6688547134399414,-0.2684465050697326,0.2124684453010559
-1.6338510513305664,-0.2626053988933563,0.4603621363639831
-1.1026209592819214,-0.1739581972360611,-0.3999075889587402
-1.3225154876708984,-0.2106523513793945,-0.2858427464962005
-1.5003803968429563,-0.2403329610824585,-0.1120789051055908
-1.6209580898284912,-0.260453850030899,0.1064774841070175
1.617699146270752,0.2799837291240692,0.1064768433570861
1.4971216917037964,0.2598627805709839,-0.1120795756578445
1.3192565441131592,0.2301825582981109,-0.2858433127403259
1.0993618965148926,0.1934885084629058,-0.3999080657958984
1.6305921077728271,0.2821350693702698,0.4603616595268249
1.665595769882202,0.287976324558258,0.2124679237604141
1.6282548904418943,0.2817452251911163,-0.0350752547383308
1.5217725038528442,0.2639763951301574,-0.2610320448875427
1.3552831411361694,0.2361943423748016,-0.4460190236568451
1.1430692672729492,0.2007820010185241,-0.5741671323776245
0.9033350944519044,0.1607774794101715,-0.6344833374023438
1.4446467161178589,0.2511061728000641,0.5454036593437195
1.5631569623947144,0.2708821296691894,0.3256874680519104
1.6137934923171997,0.2793320119380951,0.0805852189660072
1.592212438583374,0.2757309079170227,-0.1688781827688217
1.5002650022506714,0.2603876888751983,-0.4013024568557739
1.345839023590088,0.2346185743808746,-0.5967488884925842
1.1421819925308228,0.200634092092514,-0.738451361656189
0.9067643880844116,0.16134974360466,-0.8142538070678711
0.6597812175750732,0.120135448873043,-0.8176537156105042
0.42242032289505,0.0805267840623855,-0.7483592629432678
1.319666862487793,0.2302556931972503,0.4178767502307892
1.4518541097640991,0.252313882112503,0.2063218653202057
1.5179102420806885,0.2633366882801056,-0.0349873267114162
1.5121692419052124,0.2623786628246307,-0.2853463292121887
1.4351258277893066,0.2495217621326446,-0.5232776403427124
1.2933918237686155,0.2258700430393219,-0.7283700704574585
1.0991289615631104,0.1934526860713958,-0.8830310702323914
0.8690022230148315,0.1550514101982116,-0.9739968180656432
0.6227519512176514,0.1139591485261917,-0.9934654831886292
0.3815012276172638,0.0737011358141899,-0.9397691488265992
0.165943443775177,0.0377296656370162,-0.8175137042999268
-0.154126688838005,-0.0721510127186775,-0.8175132274627686
-0.3463262915611267,-0.1761629283428192,-0.9397687315940856
-0.5614337921142578,-0.2925733625888824,-0.993465006351471
-0.7809988260269165,-0.411396324634552,-0.9739961624145508
-0.9861878752708436,-0.5224393010139465,-0.8830305337905884
-1.1593995094299316,-0.6161764860153198,-0.7283695340156555
-1.2857743501663208,-0.6845670342445374,-0.5232771039009094
-1.3544691801071167,-0.7217422127723694,-0.2853455543518066
-1.359588384628296,-0.724511981010437,-0.0349869765341281
-1.3006901741027832,-0.6926382184028625,0.2063222527503967
-1.1828278303146362,-0.6288539171218872,0.4178772568702698
-0.3828094601631164,-0.1959098577499389,-0.7483587265014648
-0.5944485068321228,-0.3104435503482818,-0.817653238773346
-0.8146670460700989,-0.429620087146759,-0.8142534494400024
-1.0245734453201294,-0.5432161688804626,-0.7384507656097412
-1.2061610221862793,-0.641486644744873,-0.5967484712600708
-1.3438522815704346,-0.7160017490386963,-0.4013019800186157
-1.4258354902267456,-0.7603691816329956,-0.1688776165246963
-1.4450780153274536,-0.7707826495170593,0.0805856585502624
-1.3999289274215698,-0.7463490962982178,0.3256880640983581
-1.29426109790802,-0.6891643404960632,0.5454041957855225
-0.8116090297698975,-0.4279651045799255,-0.6344828605651855
-1.0253640413284302,-0.5436438918113708,-0.5741666555404663
-1.2145812511444092,-0.6460435390472412,-0.4460184574127197
-1.363028645515442,-0.7263795733451843,-0.2610315084457397
-1.4579720497131348,-0.7777605056762695,-0.0350747592747211
-1.4912664890289309,-0.795778751373291,0.2124684303998947
-1.4600558280944824,-0.778888463973999,0.4603621363639831
-0.9863932728767396,-0.5225539207458496,-0.3999076783657074
-1.1824586391448977,-0.6286596059799194,-0.2858427464962005
-1.341049075126648,-0.7144848108291626,-0.1120790019631385
-1.4485602378845217,-0.7726671099662781,0.1064774319529533
1.439136624336243,0.7900806665420532,0.1064768880605697
1.3316255807876587,0.7318984866142273,-0.1120795309543609
1.1730350255966189,0.6460733413696289,-0.2858432531356811
0.9769694209098816,0.5399677753448486,-0.3999080657958984
1.4506323337554932,0.7963016629219055,0.4603616595268249
1.4818427562713623,0.8131924271583557,0.2124679982662201
1.4485483169555664,0.7951741218566895,-0.0350752137601375
1.3536049127578735,0.7437934279441833,-0.2610319852828979
1.2051573991775513,0.6634573936462402,-0.4460189938545227
1.0159401893615725,0.561057984828949,-0.5741670727729797
0.80218505859375,0.4453791677951813,-0.6344833374023438
1.2848371267318726,0.7065775394439697,0.5454037189483643
1.390505075454712,0.7637622952461243,0.3256875276565552
1.4356541633605957,0.7881960868835449,0.0805853158235549
1.4164116382598877,0.7777826189994812,-0.1688781678676605
1.3344281911849976,0.7334153056144714,-0.4013023674488067
1.1967368125915527,0.6589004993438721,-0.5967487692832947
1.0151491165161133,0.5606297850608826,-0.7384512424468994
0.8052428960800171,0.4470340013504028,-0.8142538666725159
0.5850242972373962,0.3278572559356689,-0.8176537752151489
0.3733853101730346,0.2133235335350036,-0.748359203338623
1.1733994483947754,0.6462754607200623,0.4178768098354339
1.291262149810791,0.7100598216056824,0.2063218653202057
1.3501596450805664,0.7419338226318359,-0.0349873192608356
1.345041036605835,0.7391634583473206,-0.2853462696075439
1.2763468027114868,0.701987087726593,-0.5232775807380676
1.1499719619750977,0.6335961818695068,-0.7283702492713928
0.9767609238624572,0.5398579239845276,-0.883030891418457
0.7715719938278198,0.428815096616745,-0.9739966988563538
0.5520067811012268,0.3099921345710754,-0.9934654831886292
0.3368995785713196,0.1935812383890152,-0.9397690296173096
0.1447013318538665,0.0895672366023063,-0.817513644695282
-0.1223484054207801,-0.1182867512106895,-0.8175131678581238
-0.270360916852951,-0.2790703177452087,-0.939768612384796
-0.4360153973102569,-0.4590183794498443,-0.9934650659561156
-0.6051018238067627,-0.6426957845687866,-0.9739962816238404
-0.763117253780365,-0.8143471479415894,-0.8830306529998779
-0.8965069651603699,-0.9592474699020386,-0.728369414806366
-0.9938284754753112,-1.064966082572937,-0.5232771635055542
-1.0467301607131958,-1.1224327087402344,-0.2853456437587738
-1.05067241191864,-1.1267142295837402,-0.0349869430065155
-1.0053157806396484,-1.07744300365448,0.2063223272562027
-0.9145494699478148,-0.978845238685608,0.4178772270679474
-0.2984558939933777,-0.3095928728580475,-0.7483589053153992
-0.4614386558532715,-0.4866399466991424,-0.8176532983779907
-0.631028413772583,-0.6708641648292542,-0.8142535090446472
-0.7926768660545349,-0.846461832523346,-0.7384508848190308
-0.9325170516967772,-0.9983692169189452,-0.5967485308647156
-1.0385526418685913,-1.1135553121566772,-0.4013020396232605
-1.1016879081726074,-1.1821386814117432,-0.1688777506351471
-1.1165063381195068,-1.198236107826233,0.0805855691432952
-1.081737041473389,-1.160466551780701,0.3256880044937134
-1.0003626346588137,-1.0720698833465576,0.5454040765762329
-0.6286733150482178,-0.6683062314987183,-0.634482741355896
-0.7932857275009155,-0.8471235036849976,-0.5741665959358215
-0.9390013813972472,-1.0054134130477903,-0.4460183978080749
-1.0533204078674316,-1.1295976638793943,-0.2610313296318054
-1.1264359951019287,-1.2090226411819458,-0.0350746251642704
-1.152076005935669,-1.236875057220459,0.2124685496091842
-1.1280409097671509,-1.210766077041626,0.4603622555732727
-0.7632742524147034,-0.814522385597229,-0.3999074697494507
-0.914263904094696,-0.9785412549972534,-0.2858427166938782
-1.0363940000534058,-1.1112104654312134,-0.112078882753849
-1.1191879510879517,-1.2011492252349854,0.1064775809645652
1.1046209335327148,1.2145590782165527,0.1064768880605697
1.0218267440795898,1.12462055683136,-0.1120795756578445
0.8996967077255249,0.991951584815979,-0.2858433127403259
0.7487069368362427,0.827932596206665,-0.3999081254005432
1.1134737730026243,1.2241758108139038,0.4603615999221802
1.1375088691711426,1.2502853870391846,0.2124678045511245
1.1118687391281128,1.2224328517913818,-0.035075269639492
1.0387530326843262,1.143007755279541,-0.2610320746898651
0.9244340062141418,1.018823742866516,-0.4460192024707794
0.7787182331085205,0.8605338335037231,-0.5741671919822693
0.6141058802604675,0.6817164421081543,-0.6344833374023438
0.9857953190803528,1.085479497909546,0.545403778553009
1.0671697854995728,1.173876166343689,0.3256875276565552
1.1019389629364014,1.2116457223892212,0.0805852189660072
1.0871202945709229,1.1955487728118896,-0.1688781082630157
1.0239850282669067,1.1269652843475342,-0.4013023376464844
0.9179491996765136,1.0117794275283811,-0.5967487692832947
0.7781089544296265,0.8598719835281372,-0.738451361656189
0.6164605617523193,0.684274435043335,-0.8142538070678711
0.4468707144260406,0.5000502467155457,-0.8176536560058594
0.2838878929615021,0.3230033218860626,-0.748359203338623
0.8999752998352051,0.9922617077827454,0.4178768396377563
0.990740954875946,1.0908596515655518,0.2063217759132385
1.0360982418060305,1.1401305198669434,-0.0349873378872871
1.032156467437744,1.1358484029769895,-0.2853462100028991
0.9792550802230836,1.0783815383911133,-0.5232776403427124
0.8819345831871033,0.9726616740226746,-0.7283700108528137
0.7485448122024536,0.8277613520622253,-0.8830311298370361
0.5905294418334961,0.6561101675033569,-0.9739967584609984
0.4214427769184112,0.4724327027797699,-0.9934654235839844
0.2557896077632904,0.2924836277961731,-0.9397690296173096
0.1077785193920135,0.1316986382007599,-0.8175137042999268
-0.0773117691278457,-0.1516041755676269,-0.8175132274627686
-0.1650980710983276,-0.3517356812953949,-0.9397687315940856
-0.2633469402790069,-0.575721800327301,-0.9934648871421814
-0.3636316061019897,-0.8043496608734131,-0.973996102809906
-0.4573507606983185,-1.0180076360702517,-0.8830305337905884
-0.5364640355110168,-1.1983685493469238,-0.7283695936203003
-0.5941850543022156,-1.3299596309661863,-0.5232772827148438
-0.6255613565444946,-1.4014892578125,-0.2853455543518066
-0.6278995871543884,-1.406819224357605,-0.034986924380064
-0.6009984016418457,-1.3454906940460205,0.2063221633434295
-0.54716557264328,-1.222762942314148,0.417877197265625
-0.1817597299814224,-0.3897269070148468,-0.7483589053153992
-0.2784244418144226,-0.6101016402244568,-0.8176532983779907
-0.3790077567100525,-0.8394098877906799,-0.8142533898353577
-0.4748810231685638,-1.0579804182052612,-0.738450825214386
-0.5578198432922363,-1.247063159942627,-0.596748411655426
-0.620709240436554,-1.3904379606246948,-0.4013019204139709
-0.6581546068191528,-1.4758052825927734,-0.1688776612281799
-0.666943371295929,-1.4958418607711792,0.0805856809020042
-0.6463218927383423,-1.4488292932510376,0.3256880939006805
-0.5980587601661682,-1.3387997150421145,0.5454041957855225
-0.3776109218597412,-0.8362258076667786,-0.6344828009605408
-0.4752419888973236,-1.0588037967681885,-0.5741665363311768
-0.5616655945777893,-1.2558311223983765,-0.4460183382034302
-0.6294679641723633,-1.4104059934616089,-0.2610313594341278
-0.6728325486183167,-1.5092681646347046,-0.0350746102631092
-0.6880394816398621,-1.5439369678497314,0.2124685645103454
-0.6737842559814453,-1.511438250541687,0.4603622555732727
-0.4574423730373382,-1.0182243585586548,-0.3999075889587402
-0.5469937920570374,-1.222382664680481,-0.2858426570892334
-0.6194289326667786,-1.387519121170044,-0.1120788305997848
-0.6685337424278259,-1.499467849731445,0.1064775213599205
0.6504017114639282,1.5074212551116943,0.1064768210053443
0.6012966632843018,1.3954726457595823,-0.1120796352624893
0.5288615226745605,1.2303359508514404,-0.2858433425426483
0.4393099546432495,1.0261778831481934,-0.399908185005188
0.6556522846221924,1.519391417503357,0.4603617191314697
0.6699073910713196,1.5518901348114014,0.2124680131673813
0.6547003388404846,1.5172215700149536,-0.0350751355290412
0.6113355755805969,1.418359398841858,-0.2610319554805755
0.5435330867767334,1.263784408569336,-0.4460189640522003
0.4571094512939453,1.066757321357727,-0.574167013168335
0.3594782650470733,0.8441792726516724,-0.6344832181930542
0.5799264311790466,1.3467531204223633,0.5454036593437195
0.6281894445419312,1.456782341003418,0.3256874978542328
0.648810863494873,1.5037953853607178,0.0805852487683296
0.6400219202041626,1.483758568763733,-0.1688781678676605
0.6025765538215637,1.3983911275863647,-0.4013024270534515
0.5396868586540222,1.255016565322876,-0.5967488884925842
0.4567479491233825,1.0659338235855105,-0.738451361656189
0.3608747124671936,0.8473634719848633,-0.8142538666725159
0.2602913081645965,0.6180551052093506,-0.8176537752151489
0.1636267304420471,0.3976805210113525,-0.7483594417572021
0.5290244817733765,1.230719804763794,0.4178766310214996
0.5828574895858765,1.3534473180770874,0.2063217759132385
0.6097583174705505,1.4147764444351196,-0.0349872969090938
0.6074209809303284,1.409446120262146,-0.2853462100028991
0.576045572757721,1.3379158973693848,-0.5232776403427124
0.5183250308036804,1.2063249349594116,-0.728370189666748
0.4392126798629761,1.0259631872177124,-0.8830311298370361
0.345493733882904,0.8123053312301636,-0.9739968180656432
0.2452089637517929,0.5836772918701172,-0.9934654831886292
0.1469604820013046,0.3596910536289215,-0.9397690296173096
0.0591760352253913,0.1595587283372879,-0.8175138235092163
-0.0238966550678014,-0.1684928834438324,-0.8175132870674133
-0.0419436991214752,-0.3862849175930023,-0.939768612384796
-0.0621411614120006,-0.6300362944602966,-0.993465006351471
-0.0827568024396896,-0.878838837146759,-0.9739962220191956
-0.1020223572850227,-1.1113507747650146,-0.8830305337905884
-0.1182861700654029,-1.3076273202896118,-0.7283695936203003
-0.1301521062850952,-1.450830340385437,-0.523277223110199
-0.1366024613380432,-1.528672218322754,-0.2853456437587738
-0.1370835602283477,-1.5344728231430054,-0.034986987709999
-0.1315530091524124,-1.4677319526672363,0.2063222825527191
-0.1204868704080581,-1.334174633026123,0.4178771674633026
-0.0453667901456356,-0.4276278018951416,-0.7483588457107544
-0.0652381479740142,-0.6674488186836243,-0.8176532983779907
-0.0859149843454361,-0.9169921278953552,-0.8142532706260681
-0.1056235805153846,-1.154849648475647,-0.7384508848190308
-0.1226732358336448,-1.3606176376342771,-0.5967482924461365
-0.1356013715267181,-1.51664400100708,-0.4013019502162933
-0.1432989239692688,-1.6095445156097412,-0.1688777059316635
-0.1451055705547332,-1.6313493251800537,0.0805856361985206
-0.1408662945032119,-1.5801881551742554,0.3256880044937134
-0.1309448778629303,-1.460449457168579,0.5454040765762329
-0.0856277719140052,-0.9135269522666932,-0.6344828009605408
-0.1056977808475494,-1.1557458639144895,-0.5741665959358215
-0.1234637424349784,-1.370159387588501,-0.4460184574127197
-0.13740174472332,-1.538374423980713,-0.2610313892364502
-0.1463161557912826,-1.6459603309631348,-0.0350747071206569
-0.1494421958923339,-1.683688402175903,0.2124684751033783
-0.1465117186307907,-1.6483219861984253,0.4603622257709503
-0.1020387858152389,-1.1115858554840088,-0.399907499551773
-0.1204478219151496,-1.3337594270706177,-0.2858427166938782
-0.1353382319211959,-1.5134680271148682,-0.1120790913701057
-0.1454325914382934,-1.6352955102920532,0.1064773947000503
0.1257000714540481,1.6369303464889526,0.1064768135547638
0.1156055033206939,1.5151028633117676,-0.1120795756578445
0.1007150411605835,1.3353943824768066,-0.2858433127403259
0.0823059231042862,1.1132205724716189,-0.3999082446098327
0.1267797499895095,1.6499567031860352,0.4603617489337921
0.1297100633382797,1.6853231191635132,0.2124679982662201
0.1265839487314224,1.6475951671600342,-0.0350751541554927
0.1176693737506866,1.5400092601776123,-0.2610319852828979
0.1037312075495719,1.3717942237854004,-0.4460189342498779
0.0859651640057563,1.1573807001113892,-0.5741671323776245
0.065895177423954,0.9151617288589478,-0.6344832181930542
0.111212782561779,1.4620840549468994,0.5454037189483643
0.1211340725421905,1.5818227529525757,0.325687438249588
0.1253731697797775,1.6329838037490845,0.0805851742625236
0.1235663741827011,1.611178994178772,-0.1688781678676605
0.1158686503767967,1.5182785987854004,-0.4013024866580963
0.1029404401779174,1.3622522354125977,-0.5967488884925842
0.0858907029032707,1.1564841270446775,-0.738451361656189
0.0661820396780967,0.9186265468597412,-0.8142538070678711
0.045505192130804,0.6690834164619446,-0.8176537156105042
0.0256338939070701,0.4292624294757843,-0.7483593821525574
0.1007452607154846,1.3358100652694702,0.4178767800331116
0.1118111610412597,1.4693673849105835,0.2063218355178833
0.1173411682248115,1.536108136177063,-0.0349873006343841
0.1168614104390144,1.530307412147522,-0.2853460609912872
0.1104121208190918,1.452465534210205,-0.5232776403427124
0.0985466986894607,1.3092623949050903,-0.728370189666748
0.0822835564613342,1.1129858493804932,-0.8830310106277466
0.0630178749561309,0.8804738521575928,-0.9739966988563538
0.0424024499952793,0.6316714286804199,-0.9934656023979188
0.0222058147192001,0.3879196643829345,-0.9397690296173096
0.004160895012319,0.1701276153326034,-0.8175137042999268
0.0321078188717365,-0.1671227812767028,-0.8175131678581238
0.0857557579874992,-0.3789740204811096,-0.939768612384796
0.1457985490560531,-0.6160764694213867,-0.9934651851654052
0.2070866823196411,-0.8580917716026306,-0.9739962816238404
0.2643612325191498,-1.0842612981796265,-0.8830306529998779
0.3127103149890899,-1.2751834392547607,-0.7283695936203003
0.3479853272438049,-1.414480209350586,-0.5232771039009094
0.3671596050262451,-1.490199089050293,-0.2853455543518066
0.3685878813266754,-1.495841383934021,-0.0349870026111602
0.3521472513675689,-1.4309215545654297,0.2063222229480743
0.319248616695404,-1.3010072708129885,0.4178771376609802
0.0959420427680015,-0.4191884100437164,-0.7483587861061096
0.1550174057483673,-0.6524675488471985,-0.8176532983779907
0.2164875268936157,-0.8952033519744873,-0.8142533898353577
0.2750793397426605,-1.126572608947754,-0.7384508848190308
0.3257663249969482,-1.3267273902893066,-0.596748411655426
0.3642005622386932,-1.4784977436065674,-0.4013019800186157
0.3870849013328552,-1.568863868713379,-0.1688777357339859
0.3924561142921448,-1.590073823928833,0.0805856212973594
0.37985360622406,-1.540308117866516,0.3256880640983581
0.3503583967685699,-1.4238356351852417,0.5454040765762329
0.2156339734792709,-0.8918328881263733,-0.6344828605651855
0.275299996137619,-1.1274443864822388,-0.5741667747497559
0.3281166851520538,-1.336008906364441,-0.4460185468196869
0.3695533573627472,-1.499635100364685,-0.2610315680503845
0.39605513215065,-1.6042863130569458,-0.0350747890770435
0.4053487777709961,-1.6409852504730225,0.2124683260917663
0.3966370224952698,-1.6065833568572998,0.460362046957016
0.2644220292568207,-1.084488868713379,-0.399907499551773
0.3191503882408142,-1.300601840019226,-0.2858427166938782
0.3634181916713714,-1.4754083156585691,-0.1120789274573326
0.3934281468391418,-1.5939122438430786,0.1064774841070175
-0.4126222729682922,1.5890514850616455,0.1064768210053443
-0.3826124966144562,1.4705473184585571,-0.1120796352624893
-0.3383447825908661,1.295740842819214,-0.2858433127403259
-0.2836164832115173,1.0796276330947876,-0.3999081552028656
-0.4158312678337097,1.6017225980758667,0.4603616595268249
-0.4245432019233703,1.6361242532730105,0.2124678790569305
-0.4152497053146362,1.5994254350662231,-0.0350752584636211
-0.3887480497360229,1.4947742223739624,-0.2610320448875427
-0.3473114371299743,1.3311479091644287,-0.4460190236568451
-0.2944948673248291,1.1225833892822266,-0.5741672515869141
-0.2348288297653198,0.8869718909263611,-0.6344834566116333
-0.3695521652698517,1.4189748764038086,0.5454036593437195
-0.3990475535392761,1.535447120666504,0.3256875276565552
-0.4116502404212951,1.5852128267288208,0.0805852338671684
-0.4062790870666504,1.5640027523040771,-0.1688781529664993
-0.3833949565887451,1.4736367464065552,-0.4013024568557739
-0.3449608385562897,1.3218663930892944,-0.5967488884925842
-0.2942738831043243,1.1217113733291626,-0.7384512424468994
-0.2356821894645691,0.8903422951698303,-0.8142539858818054
-0.1742119789123535,0.6476063132286072,-0.8176537752151489
-0.1151366159319877,0.4143271446228027,-0.748359203338623
-0.3384517133235931,1.296143651008606,0.4178767800331116
-0.3713507652282715,1.4260578155517578,0.2063218355178833
-0.387791633605957,1.4909778833389282,-0.0349872559309005
-0.3863621056079864,1.4853357076644895,-0.2853461503982544
-0.367186427116394,1.4096171855926514,-0.5232775807380676
-0.3319107294082641,1.2703205347061155,-0.7283700704574585
-0.2835615575313568,1.079398274421692,-0.8830311298370361
-0.2262865155935287,0.8532290458679199,-0.973996639251709
-0.1649989485740661,0.6112135052680969,-0.9934656023979188
-0.1049549877643585,0.3741115033626556,-0.9397691488265992
-0.051304891705513,0.1622605770826339,-0.8175137042999268
0.0846327543258667,-0.1476420760154724,-0.8175132870674133
0.2041621208190918,-0.3305952548980713,-0.939768612384796
0.3379389345645904,-0.5353546142578125,-0.993465006351471
0.4744884967803955,-0.7443569302558899,-0.9739962816238404
0.6020972728729248,-0.93967467546463,-0.8830304145812988
0.7098187208175659,-1.104553461074829,-0.728369414806366
0.7884120941162109,-1.224848747253418,-0.5232769846916199
0.8311333656311035,-1.2902390956878662,-0.285345584154129
0.8343167901039124,-1.2951116561889648,-0.0349870137870311
0.7976874113082886,-1.2390474081039429,0.2063221633434295
0.724387526512146,-1.1268548965454102,0.4178772568702698
0.22685407102108,-0.3653231561183929,-0.7483588457107544
0.3584742844104767,-0.5667806267738342,-0.8176532983779907
0.4954302310943603,-0.7764049768447876,-0.8142534494400024
0.6259728670120239,-0.976213276386261,-0.7384508848190308
0.7389038801193237,-1.149065017700195,-0.5967484712600708
0.8245353698730469,-1.280132293701172,-0.4013020098209381
0.875521719455719,-1.3581715822219849,-0.1688777804374694
0.8874887228012085,-1.3764883279800415,0.0805855840444564
0.8594102263450623,-1.333511233329773,0.3256879448890686
0.7936944961547852,-1.232926845550537,0.5454040169715881
0.4935285747051239,-0.7734942436218262,-0.6344826817512512
0.6264649033546448,-0.9769659638404846,-0.5741666555404663
0.7441408634185791,-1.1570801734924316,-0.4460184872150421
0.8364616632461548,-1.2983863353729248,-0.2610313892364502
0.8955078721046448,-1.3887619972229004,-0.0350746922194957
0.916214108467102,-1.420454740524292,0.2124684602022171
0.89680415391922,-1.3907456398010254,0.4603621959686279
0.602228581905365,-0.9398699998855592,-0.399907499551773
0.7241635322570801,-1.1265029907226562,-0.2858427762985229
0.8227925300598145,-1.2774640321731567,-0.1120789945125579
0.8896546363830566,-1.3798030614852903,0.1064775139093399
-0.9062304496765136,1.3689731359481812,0.1064769029617309
-0.8393682837486267,1.266634225845337,-0.1120795607566833
-0.7407395243644714,1.1156730651855469,-0.2858433127403259
-0.6188046336174011,0.9290398955345154,-0.399908185005188
-0.9133795499801636,1.379915714263916,0.4603616595268249
-0.9327897429466248,1.409624695777893,0.2124679535627365
-0.9120836853981018,1.377932071685791,-0.0350752286612987
-0.8530376553535461,1.2875561714172363,-0.2610319852828979
-0.7607168555259705,1.1462501287460327,-0.4460190236568451
-0.6430410146713257,0.9661358594894408,-0.5741672515869141
-0.510104775428772,0.7626640200614929,-0.6344833374023438
-0.8102698922157288,1.222096562385559,0.5454037189483643
-0.8759858012199402,1.3226810693740845,0.3256876170635223
-0.9040645360946656,1.3656582832336426,0.0805853232741355
-0.8920974731445312,1.3473411798477173,-0.1688780486583709
-0.8411113023757935,1.2693018913269043,-0.401302307844162
-0.7554798722267151,1.1382346153259275,-0.5967488884925842
-0.6425489783287048,0.965382754802704,-0.738451361656189
-0.5120063424110413,0.7655746936798096,-0.8142539262771606
-0.3750503361225128,0.5559502243995667,-0.8176537752151489
-0.2434301078319549,0.3544926047325134,-0.748359203338623
-0.7409710884094238,1.1160199642181396,0.4178768396377563
-0.8142713308334351,1.2282119989395142,0.2063217461109161
-0.8509001135826111,1.284276247024536,-0.0349873565137386
-0.8477163314819336,1.2794041633605957,-0.2853462100028991
-0.8049942255020142,1.2140142917633057,-0.5232775211334229
-0.7264000773429871,1.0937193632125854,-0.7283700704574585
-0.6186780333518982,0.9288408756256104,-0.8830310106277466
-0.4910691380500793,0.7335231900215149,-0.9739966988563538
-0.3545199334621429,0.5245209336280823,-0.993465542793274
-0.220742180943489,0.3197619020938873,-0.9397690296173096
-0.1012111902236938,0.136810153722763,-0.8175138235092163
0.1279865801334381,-0.1121620461344719,-0.8175132274627686
0.3004443049430847,-0.2463912069797516,-0.9397684931755066
0.4934582710266113,-0.3966186344623565,-0.9934649467468262
0.6904721260070801,-0.5499587655067444,-0.97399640083313
0.8745863437652588,-0.6932591199874878,-0.8830305337905884
1.0300077199935913,-0.8142266869544983,-0.7283694744110107
1.1434022188186646,-0.9024853110313416,-0.523277223110199
1.2050409317016602,-0.9504610300064088,-0.2853455245494842
1.2096339464187622,-0.954035758972168,-0.0349870324134826
1.156785488128662,-0.9129028916358948,0.2063221633434295
1.0510282516479492,-0.8305896520614624,0.4178772568702698
0.3331829607486725,-0.2718691825866699,-0.7483587265014648
0.5230849385261536,-0.4196739494800567,-0.8176532983779907
0.7206852436065674,-0.5734708309173584,-0.8142532706260681
0.9090325236320496,-0.7200654745101929,-0.7384507656097412
1.0719696283340454,-0.8468829393386841,-0.596748411655426
1.195518970489502,-0.9430439472198486,-0.4013018906116485
1.2690820693969729,-1.0002995729446411,-0.1688776612281799
1.2863482236862185,-1.0137381553649902,0.0805857554078102
1.2458362579345703,-0.9822067022323608,0.3256880640983581
1.1510213613510132,-0.9084101915359496,0.5454041361808777
0.7179414629936218,-0.5713351368904114,-0.6344828009605408
0.9097421765327454,-0.7206177711486816,-0.5741666555404663
1.079525351524353,-0.8527635335922241,-0.4460184574127197
1.21272611618042,-0.9564364552497864,-0.2610314190387726
1.2979179620742798,-1.0227432250976562,-0.0350746177136898
1.3277928829193115,-1.0459952354431152,0.2124684154987335
1.2997881174087524,-1.0241984128952026,0.4603621661663055
0.8747739195823669,-0.6934010982513428,-0.399907648563385
1.0507019758224487,-0.8303295969963074,-0.2858428359031677
1.1930038928985596,-0.9410864114761353,-0.1120789721608161
1.2894726991653442,-1.0161701440811155,0.1064774394035339
-1.3016341924667358,1.0005449056625366,0.1064768433570861
-1.2051652669906616,0.9254610538482666,-0.1120795980095863
-1.0628634691238403,0.8147042393684387,-0.2858432829380035
-0.8869354724884033,0.6777756214141846,-0.3999080955982208
-1.3119492530822754,1.008573293685913,0.4603617191314697
-1.3399542570114136,1.030369997024536,0.2124679833650589
-1.3100793361663818,1.0071176290512085,-0.0350751690566539
-1.224887490272522,0.9408109188079834,-0.2610319554805755
-1.0916868448257446,0.8371380567550659,-0.4460189938545227
-0.9219037890434264,0.7049919962882996,-0.5741670727729797
-0.7301031947135925,0.5557095408439636,-0.6344833374023438
-1.163182497024536,0.8927850127220154,0.5454035997390747
-1.2579976320266724,0.9665815234184264,0.3256874084472656
-1.2985094785690308,0.9981128573417664,0.0805850625038147
-1.2812435626983645,0.9846741557121276,-0.1688782721757888
-1.2076804637908936,0.9274181723594666,-0.4013025462627411
-1.0841312408447266,0.8312571048736572,-0.5967490077018738
-0.9211941361427308,0.7044395804405212,-0.7384514808654785
-0.7328469157218933,0.5578448176383972,-0.8142539262771606
-0.5352465510368347,0.404048204421997,-0.817654013633728
-0.3453445732593536,0.256243348121643,-0.7483595013618469
-1.0631953477859497,0.8149564862251282,0.4178767800331116
-1.168952465057373,0.8972694277763367,0.2063216865062713
-1.221800446510315,0.938402771949768,-0.0349872149527072
-1.217207908630371,0.9348278045654296,-0.2853462100028991
-1.155568242073059,0.8868534564971924,-0.5232775807380676
-1.0421725511550903,0.7985959649085999,-0.7283700108528137
-0.886751115322113,0.6776282787322998,-0.8830310106277466
-0.7026364803314209,0.5343284010887146,-0.9739965796470642
-0.5056232213973999,0.3809879422187805,-0.9934654831886292
-0.3126087188720703,0.2307612001895904,-0.9397690296173096
-0.1401497274637222,0.0965339541435241,-0.8175137639045715
0.1574709415435791,-0.064527653157711,-0.8175132274627686
0.3641685545444488,-0.1354865729808807,-0.939768612384796
0.5955033302307129,-0.2149027287960052,-0.9934649467468262
0.8316319584846497,-0.2959638833999634,-0.9739962220191956
1.052299976348877,-0.371718019247055,-0.8830305337905884
1.23857843875885,-0.4356659352779388,-0.7283694744110107
1.3744863271713257,-0.4823231101036072,-0.5232771635055542
1.448363184928894,-0.5076846480369568,-0.2853456735610962
1.4538679122924805,-0.509574830532074,-0.0349869951605796
1.3905270099639893,-0.4878305196762085,0.2063223719596862
1.2637732028961182,-0.4443162977695465,0.417877197265625
0.403406023979187,-0.1489538550376892,-0.7483588457107544
0.6310108304023743,-0.2270890474319458,-0.8176533579826355
0.867842435836792,-0.3083916902542114,-0.8142533302307129
1.0935838222503662,-0.3858871459960937,-0.7384507656097412
1.2888699769973757,-0.4529275596141815,-0.5967482924461365
1.4369487762451172,-0.5037617683410645,-0.4013019204139709
1.5251169204711914,-0.5340291857719421,-0.1688776165246963
1.5458108186721802,-0.5411332249641418,0.0805857703089714
1.4972556829452517,-0.5244646072387695,0.3256881237030029
1.38361656665802,-0.4854529500007629,0.5454041361808777
0.8645538687705994,-0.3072628378868103,-0.6344828009605408
1.0944342613220217,-0.3861792981624603,-0.5741666555404663
1.2979257106781006,-0.4560364484786987,-0.4460183978080749
1.457572102546692,-0.5108417868614197,-0.2610314190387726
1.5596776008605957,-0.5458939075469971,-0.0350747071206569
1.5954840183258057,-0.5581856966018677,0.2124684602022171
1.56191885471344,-0.5466630458831787,0.4603621959686279
1.0525236129760742,-0.3717914521694183,-0.399907499551773
1.2633800506591797,-0.4441768229007721,-0.2858427762985229
1.4339343309402466,-0.5027269721031189,-0.1120789349079132
1.5495558977127075,-0.5424189567565918,0.1064775213599205
-1.5559844970703125,0.5236913561820984,0.1064769029617309
-1.4403630495071411,0.4839993417263031,-0.1120795309543609
-1.2698087692260742,0.4254491031169891,-0.2858432531356811
-1.0589523315429688,0.3530636429786682,-0.3999081254005432
-1.568347454071045,0.5279356837272644,0.4603616595268249
-1.601912498474121,0.5394582152366638,0.2124679237604141
-1.5661063194274902,0.5271661877632141,-0.0350752659142017
-1.464000582695007,0.492113709449768,-0.2610319852828979
-1.3043544292449951,0.4373083114624023,-0.4460190832614898
-1.100862979888916,0.3674510419368744,-0.5741671919822693
-0.8709825873374939,0.2885345816612243,-0.634483277797699
-1.390045166015625,0.4667256772518158,0.5454036593437195
-1.503684401512146,0.5057371854782104,0.3256874978542328
-1.5522395372390747,0.522405743598938,0.0805851519107818
-1.531545639038086,0.5153015851974487,-0.1688782274723053
-1.4433774948120115,0.4850340783596039,-0.4013024270534515
-1.2952989339828491,0.4341996312141418,-0.5967490077018738
-1.1000126600265503,0.3671590685844421,-0.738451361656189
-0.8742712736129761,0.2896635234355926,-0.8142538666725159
-0.6374396681785583,0.2083610296249389,-0.8176538944244385
-0.4098349511623382,0.1302258968353271,-0.7483593225479126
-1.2702046632766724,0.4255799949169159,0.4178768396377563
-1.396958827972412,0.4690938591957092,0.2063217163085937
-1.4602994918823242,0.490837961435318,-0.0349873527884483
-1.4547947645187378,0.4889487624168396,-0.2853463292121887
-1.3809173107147217,0.4635877609252929,-0.5232774615287781
-1.2450087070465088,0.4169316589832306,-0.7283700108528137
-1.0587303638458252,0.3529840409755707,-0.8830309510231018
-0.8380624055862427,0.27723029255867,-0.9739966988563538
-0.6019337773323059,0.1961689293384552,-0.9934654831886292
-0.3705989122390747,0.1167537271976471,-0.9397690296173096
-0.1639005243778228,0.0457968115806579,-0.8175137639045715
0.1698907762765884,-0.0099007133394479,-0.8175132870674133
0.3884292840957641,-0.0099000986665487,-0.9397686719894408
0.6330159902572632,-0.009899066761136,-0.993465006351471
0.8826711773872375,-0.0098971128463745,-0.9739962816238404
1.11598002910614,-0.0098957559093832,-0.8830305337905884
1.3129291534423828,-0.009894479997456,-0.7283694744110107
1.456623077392578,-0.0098942629992961,-0.523277223110199
1.5347317457199097,-0.0098940571770071,-0.285345584154129
1.540552020072937,-0.009894274175167,-0.0349870584905147
1.4735826253890991,-0.0098943663761019,0.2063222527503967
1.3395676612854004,-0.0098955482244491,0.4178770780563354
0.4299136698246002,-0.0098975505679845,-0.7483588457107544
0.6705566048622131,-0.0098960977047681,-0.8176531791687012
0.9209549427032472,-0.0098940413445234,-0.8142535090446472
1.1596276760101318,-0.0098925661295652,-0.7384507656097412
1.3661009073257446,-0.009891090914607,-0.596748411655426
1.5226619243621826,-0.0098899733275175,-0.4013019502162933
1.6158806085586548,-0.0098892804235219,-0.1688777059316635
1.6377602815628052,-0.0098890345543622,0.0805856734514236
1.5864237546920776,-0.0098892357200384,0.3256880044937134
1.4662747383117676,-0.0098900031298398,0.5454041361808777
0.9174779653549194,-0.0098942900076508,-0.6344828009605408
1.160526990890503,-0.0098924497142434,-0.5741666555404663
1.3756753206253052,-0.0098909819498658,-0.4460185468196869
1.5444667339324951,-0.0098897377029061,-0.2610314786434173
1.6524213552474976,-0.0098891044035553,-0.0350746512413024
1.6902787685394287,-0.0098887467756867,0.2124685049057006
1.6547911167144775,-0.0098887542262673,0.4603621661663055
1.1162153482437134,-0.0098928082734346,-0.3999075293540954
1.3391505479812622,-0.0098912212997674,-0.2858427762985229
1.5194748640060425,-0.009889842942357,-0.1120790168642997
1.641719937324524,-0.0098889339715242,0.1064774170517921
-1.6417194604873655,-0.0099112940952181,0.1064768508076667
-1.5194746255874634,-0.0099104670807719,-0.1120795980095863
-1.3391501903533936,-0.0099093494936823,-0.2858433127403259
-1.1162149906158447,-0.0099079562351107,-0.3999081552028656
-1.6547908782958984,-0.0099112717434763,0.4603616893291473
-1.6902786493301392,-0.0099115250632166,0.2124679684638977
-1.652421236038208,-0.0099114580079913,-0.0350752025842666
-1.5444667339324951,-0.009910668246448,-0.2610320448875427
-1.3756752014160156,-0.009909558109939,-0.4460190534591675
-1.1605268716812134,-0.0099082691594958,-0.5741671323776245
-0.91747784614563,-0.0099066225811839,-0.6344833970069885
-1.466274380683899,-0.0099099297076463,0.5454035997390747
-1.5864232778549194,-0.009910823777318,0.3256874084472656
-1.6377599239349363,-0.0099112410098314,0.0805851966142654
-1.615880250930786,-0.0099112335592508,-0.1688782125711441
-1.5226616859436035,-0.0099105481058359,-0.4013024866580963
-1.366100549697876,-0.0099095124751329,-0.5967490077018738
-1.1596273183822632,-0.0099082384258508,-0.738451361656189
-0.9209545850753784,-0.0099066291004419,-0.8142539262771606
-0.6705562472343445,-0.0099049378186464,-0.8176538944244385
-0.4299133121967315,-0.0099033806473016,-0.7483593225479126
-1.339566946029663,-0.0099141895771026,0.4178767800331116
-1.4735820293426514,-0.009915167465806,0.2063217461109161
-1.5405515432357788,-0.0099158501252532,-0.0349873229861259
-1.5347310304641724,-0.0099152727052569,-0.2853461503982544
-1.4566222429275513,-0.0099140461534261,-0.5232774615287781
-1.312928318977356,-0.00991284660995,-0.728369951248169
-1.1159793138504028,-0.0099110277369618,-0.8830310106277466
-0.8826707601547241,-0.0099093383178114,-0.9739968180656432
-0.6330153942108154,-0.0099078780040144,-0.993465542793274
-0.3884287178516388,-0.0099055673927068,-0.9397690892219543
-0.1698902547359466,-0.0099029429256916,-0.8175138235092163
