-0.1337398886680603,-0.0098982322961092,0.0809238255023956
-0.1624743938446045,-0.0098977647721767,-0.1678382903337478
1.1500040292739868,-0.0099124442785978,0.5815284252166748
0.9211552143096924,-0.0099099483340978,0.6832348704338074
0.6726552248001099,-0.0099072335287928,0.7142711877822876
0.4258242845535278,-0.009904789738357,0.6719752550125122
0.2018377035856247,-0.0099023794755339,0.5599775910377502
-0.0702801048755645,-0.0098997633904218,0.0573939159512519
1.2876205444335938,-0.0099088009446859,0.7208843231201172
1.0657864809036257,-0.0099071618169546,0.8370764851570129
0.8198034167289734,-0.009905545040965,0.88401198387146
0.5707721710205078,-0.0099037792533636,0.8576652407646179
0.3400562107563019,-0.0099023263901472,0.7602960467338562
0.1474466025829315,-0.0099010225385427,0.6002570390701294
-0.0031177625060081,-0.0099002849310636,0.0489279255270957
1.168075680732727,-0.0099077206104993,1.0041346549987793
0.9256145358085632,-0.0099060665816068,1.0667729377746582
0.6754054427146912,-0.0099043380469083,1.0564756393432615
0.4389116764068603,-0.0099027957767248,0.9741263389587402
0.236421138048172,-0.0099016111344099,0.826789379119873
0.085303708910942,-0.0099005084484815,0.6271035075187683
0.1203692033886909,-0.0099006183445453,0.8679430484771729
0.0186806991696357,-0.0099000744521617,0.6390973925590515
-0.0489234328269958,-0.0098996926099061,0.6356088519096375
0.0489233061671257,-0.0099004106596112,0.6356081962585449
-0.0186808258295059,-0.0098999738693237,0.6390969753265381
-0.1203692033886909,-0.0098991021513938,0.8679424524307251
-0.0853039473295211,-0.009899447672069,0.6271029114723206
-0.2364211976528167,-0.0098983971402049,0.8267887830734253
-0.4389117956161499,-0.0098968921229243,0.9741258025169371
-0.6754055619239807,-0.0098953424021601,1.056475043296814
-0.9256146550178528,-0.0098936883732676,1.0667723417282104
-1.1680757999420166,-0.0098920641466975,1.0041340589523315
0.0031177774071693,-0.0099002001807093,0.0489274412393569
-0.1474465429782867,-0.0098989326506853,0.6002565026283264
-0.3400560319423675,-0.0098976735025644,0.7602955102920532
-0.5707720518112183,-0.0098960641771554,0.8576646447181702
-0.8198032975196838,-0.0098942760378122,0.8840115666389465
-1.065786361694336,-0.0098927412182092,0.8370758891105652
-1.2876204252243042,-0.0098912212997674,0.7208839654922485
0.0702802836894989,-0.0099007282406091,0.0573934502899646
-0.2018372416496276,-0.0098996264860033,0.5599771738052368
-0.4258239567279815,-0.00989899225533,0.6719746589660645
-0.6726546287536621,-0.0098979026079177,0.714270830154419
-0.921154797077179,-0.0098973652347922,0.6832343339920044
-1.150003433227539,-0.0098967235535383,0.5815280675888062
0.1624748110771179,-0.0099000539630651,-0.1678387969732284
0.1337403059005737,-0.009900146164,0.0809233635663986
-0.1232795864343643,-0.0527873635292053,0.080923780798912
-0.1504574120044708,-0.062116764485836,-0.1678383648395538
1.090911865234375,0.3640306293964386,0.58152836561203
0.8744621872901917,0.2897258102893829,0.6832349896430969
0.6394257545471191,0.2090404480695724,0.7142713069915771
0.4059679508209228,0.1288967430591583,0.6719752550125122
0.1941168904304504,0.056170679628849,0.559977650642395
-0.0632578432559967,-0.0321832746267318,0.0573939755558967
1.2210710048675537,0.4087181091308594,0.7208844423294067
1.011255979537964,0.3366900384426117,0.8370764851570129
0.7786003947257996,0.2568210065364837,0.8840120434761047
0.5430617928504944,0.17596235871315,0.8576652407646179
0.3248462080955505,0.1010502949357032,0.760296106338501
0.1426724195480346,0.0385113433003425,0.6002570390701294
0.0002655833959579,-0.0103760585188865,0.0489278137683868
1.1080029010772705,0.3699027895927429,1.0041346549987793
0.8786786198616028,0.291177362203598,1.0667729377746582
0.6420260071754456,0.2099360227584839,1.0564756393432615
0.4183456599712372,0.133148044347763,0.9741262793540956
0.2268261760473251,0.0674008280038833,0.826789379119873
0.0838964655995369,0.0183339267969131,0.6271033883094788
0.1170619428157806,0.0297195464372634,0.8679429292678833
0.0208830684423446,-0.0032981038093566,0.6390973329544067
-0.0430582612752914,-0.0252487882971763,0.6356087327003479
0.0494871586561203,0.0065213814377784,0.6356082558631897
-0.0144540667533874,-0.0154291167855262,0.6390969157218933
-0.1106329783797264,-0.0484466627240181,0.8679422736167908
-0.0774672329425811,-0.0370612069964408,0.6271028518676758
-0.2203969359397888,-0.0861278846859932,0.8267887234687805
-0.4119163751602173,-0.1518751680850982,0.9741258025169371
-0.6355968117713928,-0.2286631166934967,1.0564751625061035
-0.8722493648529053,-0.3099042773246765,1.0667723417282104
-1.1015737056732178,-0.3886299133300781,1.0041340589523315
0.006163828074932,-0.0083513930439949,0.0489274747669696
-0.1362432986497879,-0.0572386160492897,0.6002564430236816
-0.3184170424938202,-0.119777463376522,0.7602955102920532
-0.5366327166557312,-0.194689393043518,0.8576647043228149
-0.7721712589263916,-0.2755480706691742,0.8840115070343018
-1.0048267841339111,-0.3554171323776245,0.83707594871521
-1.214641809463501,-0.4274451434612274,0.7208839654922485
0.0696871355175972,0.0134557709097862,0.0573934949934482
-0.1876868307590484,-0.0748995766043663,0.5599772334098816
-0.399537444114685,-0.1476275324821472,0.671974778175354
-0.6329943537712097,-0.2277726829051971,0.714270830154419
-0.868030309677124,-0.3084599375724792,0.6832345724105835
-1.084479570388794,-0.3827660977840423,0.5815280675888062
0.1568856537342071,0.0433918610215187,-0.1678388267755508
0.1297083795070648,0.0340617671608924,0.0809233039617538
-0.0994599089026451,-0.089955985546112,0.0809239000082016
-0.1221358552575111,-0.1076047122478485,-0.1678383350372314
0.9136021137237548,0.6985259056091309,0.5815284848213196
0.7330071330070496,0.5579652786254883,0.6832349896430969
0.5369041562080383,0.4053355753421783,0.7142711281776428
0.3421184420585632,0.253730833530426,0.6719752550125122
0.1653602868318557,0.1161570101976394,0.5599777698516846
-0.0493804812431335,-0.0509793832898139,0.0573939159512519
1.0221987962722778,0.7830543518066406,0.7208844423294067
0.8471397161483765,0.6468021273612976,0.8370764851570129
0.6530236601829529,0.4957171976566314,0.8840120434761047
0.4565021395683288,0.3427603244781494,0.8576651811599731
0.2744340002536773,0.2010525614023208,0.7602960467338562
0.1224373579025268,0.0827502459287643,0.6002569198608398
0.0036203786730766,-0.0097276717424392,0.048927865922451
0.9278606176376344,0.7096289396286011,1.0041346549987793
0.7365238666534424,0.5607074499130249,1.0667729377746582
0.5390728116035461,0.4070271253585815,1.0564756393432615
0.3524451553821563,0.2617706954479217,0.974126398563385
0.1926509886980056,0.1373992264270782,0.8267893195152283
0.073397658765316,0.0445817857980728,0.6271034479141235
0.101069301366806,0.0661192089319229,0.8679429292678833
0.0208223834633827,0.0036613792181015,0.6390974521636963
-0.0325270965695381,-0.0378616601228714,0.6356087923049927
0.044688232243061,0.0222365334630012,0.6356082558631897
-0.008661076426506,-0.0192863419651985,0.6390969157218933
-0.0889079198241233,-0.0817440375685691,0.8679423332214355
-0.0612362474203109,-0.0602067485451698,0.6271029114723206
-0.1804896593093872,-0.1530243158340454,0.8267887234687805
-0.3402839601039886,-0.2773954272270202,0.9741257429122924
-0.5269116163253784,-0.4226518869400024,1.0564751625061035
-0.7243626713752747,-0.5763322710990906,1.0667723417282104
-0.9156994223594666,-0.7252538800239563,1.0041342973709106
0.0085411965847015,-0.0058976486325263,0.0489274822175502
-0.1102757677435875,-0.0983752682805061,0.6002565622329712
-0.2622724175453186,-0.2166775166988372,0.7602956295013428
-0.4443406760692596,-0.3583852350711822,0.8576647043228149
-0.640862226486206,-0.5113422274589539,0.8840115070343018
-0.8349782824516296,-0.6624270677566528,0.8370758891105652
-1.0100373029708862,-0.7986792922019958,0.7208839058876038
0.0615421384572982,0.0353540852665901,0.0573934689164161
-0.1531975269317627,-0.1317834258079528,0.5599771738052368
-0.3299546241760254,-0.2693583369255066,0.6719748973846436
-0.524739146232605,-0.420964628458023,0.7142707705497742
-0.7208408713340759,-0.5735962390899658,0.683234453201294
-0.9014352560043336,-0.7141574621200562,0.5815280079841614
0.1342960447072982,0.0919817313551902,-0.1678386926651001
0.1116204783320427,0.0743326470255851,0.0809233337640762
-0.0648621916770935,-0.117376685142517,0.0809237360954284
-0.0805787369608879,-0.1414319574832916,-0.1678382456302642
0.6372889876365662,0.9573242664337158,0.5815286040306091
0.5121190547943115,0.7657408118247986,0.6832348704338074
0.3762005865573883,0.5577061772346497,0.7142713069915771
0.2411950230598449,0.3510687351226806,0.6719752550125122
0.1186844557523727,0.1635556817054748,0.559977650642395
-0.0301518887281417,-0.0642510652542114,0.0573939308524131
0.7125549912452698,1.0725343227386477,0.720884382724762
0.5912222862243652,0.8868228793144226,0.8370764255523682
0.4566811919212341,0.6808948516845703,0.88401198387146
0.3204730153083801,0.4724150598049164,0.8576653599739075
0.1942823976278305,0.2792678475379944,0.760296106338501
0.0889341607689857,0.1180221438407898,0.6002570390701294
0.0065826699137687,-0.0080251470208168,0.048927903175354
0.6471695303916931,0.9724558591842652,1.0041346549987793
0.5145548582077026,0.769476056098938,1.0667728185653689
0.3777024149894714,0.5600101947784424,1.0564756393432615
0.248351514339447,0.362026184797287,0.9741262793540956
0.1375988870859146,0.1925083845853805,0.8267893195152283
0.0549449324607849,0.0659983605146408,0.6271033883094788
0.0741239041090011,0.0953540056943893,0.8679430484771729
0.0185052752494812,0.0102240443229675,0.6390974521636963
-0.0184708014130592,-0.0463718920946121,0.6356087327003479
0.0350467041134834,0.0355419442057609,0.6356082558631897
-0.0019296407699584,-0.0210537984967231,0.6390969157218933
-0.0575483702123165,-0.1061834767460823,0.8679424524307251
-0.0383691191673278,-0.0768279358744621,0.6271029114723206
-0.1210231482982635,-0.2033379077911377,0.8267888426780701
-0.2317758798599243,-0.3728557229042053,0.9741257429122924
-0.3611267209053039,-0.5708397626876831,1.056475043296814
-0.4979792237281799,-0.7803055047988892,1.0667723417282104
-0.6305938959121704,-0.9832852482795716,1.004134178161621
0.0099934712052345,-0.0028046444058418,0.048927403986454
-0.0723581165075302,-0.1288517117500305,0.600256621837616
-0.1777063012123108,-0.2900972366333008,0.7602956295013428
-0.3038970530033111,-0.4832443594932556,0.8576647043228149
-0.4401052892208099,-0.6917241811752319,0.8840116858482361
-0.5746463537216187,-0.8976523280143738,0.8370760083198547
-0.6959789991378784,-1.0833637714385986,0.7208839654922485
0.0467282906174659,0.0534212663769722,0.057393554598093
-0.1021065413951873,-0.1743862628936767,0.5599772334098816
-0.2246157377958297,-0.3619002103805542,0.671974778175354
-0.3596198856830597,-0.5685385465621948,0.7142707109451294
-0.4955366253852844,-0.7765743136405945,0.6832345128059387
-0.6207054853439331,-0.968158483505249,0.5815281271934509
0.0971530675888061,0.1306036412715912,-0.1678387075662613
0.0814369767904281,0.1065482124686241,0.080923393368721
-0.0232356376945972,-0.1320776343345642,0.0809237658977508
-0.0302898436784744,-0.1599326580762863,-0.1678383350372314
0.2919152379035949,1.1123815774917605,0.5815285444259644
0.2357345968484878,0.8905358910560608,0.6832348704338074
0.174729436635971,0.6496403813362122,0.7142713069915771
0.1141343042254448,0.4103628695011139,0.6719753742218018
0.0591471195220947,0.1932305842638015,0.559977650642395
-0.0076558701694011,-0.0705600604414939,0.0573939867317676
0.3256943821907043,1.2457879781723022,0.7208844423294067
0.2712364196777344,1.0307422876358032,0.8370765447616577
0.2108501642942428,0.7922863960266113,0.8840120434761047
0.1497155725955963,0.550875723361969,0.8576651811599731
0.0930771753191948,0.3272198140621185,0.760296106338501
0.0457936003804206,0.1405043452978134,0.6002570390701294
0.0088317450135946,-0.0054528340697288,0.0489279106259346
0.2963473498821258,1.12990140914917,1.0041345357894895
0.2368256449699401,0.894859790802002,1.0667729377746582
0.1754019111394882,0.6523072123527527,1.0564756393432615
0.1173451542854309,0.4230504035949707,0.974126398563385
0.0676358640193939,0.2267560958862304,0.8267892599105835
0.0305381678044796,0.0802630484104156,0.6271034479141235
0.0391462817788124,0.1142555326223373,0.8679429292678833
0.0141828674823045,0.0156787633895874,0.6390974521636963
-0.0024132058024406,-0.0498567670583725,0.6356087923049927
0.0216072835028171,0.0449959859251976,0.6356081962585449
0.0050111208111047,-0.0205398574471473,0.6390969157218933
-0.0199523773044347,-0.1191160753369331,0.8679423332214355
-0.0113439951092004,-0.0851237550377845,0.6271029114723206
-0.0484418347477912,-0.2316166758537292,0.8267888426780701
-0.098151184618473,-0.4279108345508575,0.974125862121582
-0.1562080234289169,-0.6571677327156067,1.056475043296814
-0.2176317870616912,-0.8997200727462769,1.0667724609375
-0.2771534621715545,-1.1347618103027344,1.004134178161621
0.010362759232521,0.0005921497941017,0.0489274002611637
-0.0265996772795915,-0.1453649401664734,0.6002564430236816
-0.073883332312107,-0.3320804238319397,0.7602955102920532
-0.1305216997861862,-0.5557363033294678,0.8576647043228149
-0.1916563361883163,-0.7971470355987549,0.8840115666389465
-0.252042680978775,-1.0356028079986572,0.8370758891105652
-0.3065005242824554,-1.2506486177444458,0.720883846282959
0.0268501881510019,0.065699391067028,0.0573934242129325
-0.0399509705603122,-0.1980915963649749,0.5599771738052368
-0.0949364453554153,-0.4152242243289947,0.6719748377799988
-0.1555300801992416,-0.6545020341873169,0.7142707109451294
-0.2165334671735763,-0.895397961139679,0.6832345724105835
-0.2727125287055969,-1.117243766784668,0.5815283060073853
0.0494818985462188,0.1550728976726532,-0.1678387522697448
0.0424281768500804,0.1272173821926117,0.0809233337640762
0.0209091529250144,-0.132465973496437,0.0809238106012344
0.0232815183699131,-0.1611022353172302,-0.167838305234909
-0.0850921720266342,1.1468943357467651,0.5815284848213196
-0.0661957412958145,0.918826937675476,0.6832348704338074
-0.0456760339438915,0.6711755990982056,0.7142713069915771
-0.025294667109847,0.4251875877380371,0.6719754338264465
-0.0067997872829437,0.2019658386707306,0.5599777102470398
0.0156698059290647,-0.0692227706313133,0.0573939532041549
-0.0964602530002594,1.2840402126312256,0.7208844423294067
-0.0781421810388565,1.062963843345642,0.8370763659477234
-0.0578299090266227,0.8178209662437439,0.8840121626853943
-0.0372658669948577,0.5696402192115784,0.8576653003692627
-0.0182143002748489,0.3397121727466583,0.760296106338501
-0.0023093670606613,0.1477604508399963,0.6002570390701294
0.0101239141076803,-0.0022898986935615,0.0489279329776763
-0.0865888446569442,1.1649036407470703,1.0041346549987793
-0.0665673613548278,0.9232706427574158,1.0667729377746582
-0.045906163752079,0.6739160418510437,1.0564756393432615
-0.0263774096965789,0.4382299780845642,0.9741262793540956
-0.0096565149724483,0.2364309728145599,0.826789379119873
0.0028222501277923,0.0858297422528266,0.6271035075187683
-7.335096597671509e-05,0.120775356888771,0.8679429292678833
0.0083237085491418,0.0194341465830802,0.6390973925590515
0.0139060141518712,-0.0479388907551765,0.6356087923049927
0.0058263009414076,0.0495734885334968,0.6356082558631897
0.0114086680114269,-0.0177998170256614,0.6390969753265381
0.0198055990040302,-0.1191408261656761,0.8679423928260803
0.0169102139770984,-0.084194965660572,0.6271029114723206
0.0293887909501791,-0.2347961068153381,0.8267888426780701
0.0461095534265041,-0.4365952312946319,0.974125862121582
0.065638244152069,-0.6722813248634338,1.0564751625061035
0.0862994864583015,-0.9216358065605164,1.0667724609375
0.1063210070133209,-1.1632689237594604,1.004134178161621
0.0096089523285627,0.0039247795939445,0.0489274337887764
0.0220416914671659,-0.1461254060268402,0.600256621837616
0.0379465520381927,-0.3380773365497589,0.7602955102920532
0.0569980926811695,-0.5680052042007446,0.8576647043228149
0.0775620937347412,-0.8161859512329102,0.8840115666389465
0.0978743135929107,-1.061329007148743,0.8370760083198547
0.1161924600601196,-1.2824054956436155,0.7208840250968933
0.0040628584101796,0.070857860147953,0.0573935396969318
0.0265341959893703,-0.2003305256366729,0.5599772334098816
0.0450306348502635,-0.4235521256923675,0.671974778175354
0.0654139071702957,-0.669539749622345,0.714270830154419
0.0859350338578224,-0.9171910285949708,0.6832345128059387
0.104832999408245,-1.1452581882476809,0.5815281271934509
-0.0035514179617166,0.1627373695373535,-0.1678387224674224
-0.0011784806847572,0.13410085439682,0.0809232965111732
0.0627878755331039,-0.1184992492198944,0.0809237211942672
0.0743299126625061,-0.1448136270046234,-0.1678384244441986
-0.452878326177597,1.0571225881576538,0.5815284252166748
-0.3609523773193359,0.8475483655929565,0.6832349300384521
-0.2611324787139892,0.6199778914451599,0.7142711877822876
-0.161982774734497,0.393936425447464,0.6719753742218018
-0.0720096677541732,0.1888147890567779,0.5599777698516846
0.0372973307967186,-0.0603841170668602,0.0573939718306064
-0.5081624984741211,1.183146357536316,0.7208845615386963
-0.419053316116333,0.979996383190155,0.8370765447616577
-0.3202435970306396,0.7547314763069153,0.8840121626853943
-0.2202093750238418,0.5266751050949097,0.8576653003692627
-0.1275322437286377,0.315391331911087,0.7602961659431458
-0.0501622334122657,0.1390044540166854,0.6002570390701294
0.0103188902139663,0.0011214017868041,0.0489279180765152
-0.4601421058177948,1.0736699104309082,1.0041347742080688
-0.3627471923828125,0.8516303896903992,1.0667730569839478
-0.2622397243976593,0.6224953532218933,1.0564757585525513
-0.1672418117523193,0.4059204459190368,0.9741263389587402
-0.0859025418758392,0.2204848825931549,0.826789379119873
-0.0251997262239456,0.0820954740047454,0.6271033883094788
-0.0392852015793323,0.1142075061798095,0.8679429292678833
0.0015624873340129,0.0210838764905929,0.6390975117683411
0.0287185460329055,-0.0408262908458709,0.6356087923049927
-0.0105860233306884,0.0487792417407035,0.6356081962585449
0.0165700502693653,-0.0131307914853096,0.6390969753265381
0.0574175119400024,-0.1062543019652366,0.8679423928260803
0.0433321073651313,-0.0741423740983009,0.6271029114723206
0.1040348261594772,-0.2125317454338073,0.8267888426780701
0.1853739023208618,-0.3979672193527221,0.9741259217262268
0.2803718447685241,-0.6145421862602234,1.0564751625061035
0.3808792233467102,-0.8436771631240845,1.0667724609375
0.4782742261886596,-1.0657167434692385,1.004134178161621
0.0078138336539268,0.0068321749567985,0.0489274561405181
0.0682943910360336,-0.1310512423515319,0.6002564430236816
0.1456643193960189,-0.3074379861354828,0.7602955102920532
0.2383413165807724,-0.5187215805053711,0.8576647043228149
0.338375449180603,-0.7467780113220215,0.8840115070343018
0.4371852278709411,-0.9720430374145508,0.83707594871521
0.526294469833374,-1.175192952156067,0.720883846282959
-0.0191648341715335,0.0683376714587211,0.0573934614658355
0.0901438295841217,-0.1808605790138244,0.5599771738052368
0.1801183074712753,-0.3859811127185821,0.6719748973846436
0.2792693972587585,-0.6120222806930542,0.7142707109451294
0.3790911436080932,-0.8395916819572449,0.6832345724105835
0.4710188508033752,-1.0491652488708496,0.5815280079841614
-0.0561998672783374,0.1527663767337799,-0.1678387969732284
-0.0446571260690689,0.1264521181583404,0.0809233114123344
0.097862534224987,-0.0916914045810699,0.0809237882494926
0.1173235699534416,-0.1128323674201965,-0.1678383499383926
-0.7715880274772644,0.8527944087982178,0.5815284848213196
-0.6165937781333923,0.6844242811203003,0.6832348704338074
-0.4482905268669128,0.5015960335731506,0.7142711281776428
-0.281117171049118,0.3199957609176636,0.6719753742218018
-0.1294161677360534,0.1552025377750396,0.5599775910377502
0.0548833236098289,-0.0450019687414169,0.0573940016329288
-0.8647962808609009,0.9540395736694336,0.720884382724762
-0.7145524621009827,0.790830671787262,0.8370764255523682
-0.5479530096054077,0.6098548173904419,0.8840121030807495
-0.3792890012264251,0.426636278629303,0.8576651811599731
-0.2230295985937118,0.2568926811218261,0.760296106338501
-0.0925788283348083,0.1151851415634155,0.6002570390701294
0.0093957483768463,0.0044111013412475,0.0489279627799987
-0.7838308811187744,0.8660871982574463,1.0041347742080688
-0.6196167469024658,0.687702476978302,1.0667729377746582
-0.4501550495624542,0.5036173462867737,1.0564756393432615
-0.2899824380874634,0.3296230137348175,0.9741262793540956
-0.1528394669294357,0.1806457638740539,0.8267894387245178
-0.0504906103014946,0.0694649368524551,0.6271033883094788
-0.074240043759346,0.0952636152505874,0.8679429292678833
-0.0053683817386627,0.0204488411545753,0.6390974521636963
0.0404188334941864,-0.0292893350124359,0.6356087923049927
-0.0258510485291481,0.0426990464329719,0.6356082558631897
0.0199358314275741,-0.0070388540625572,0.6390969157218933
0.0888072922825813,-0.0818536654114723,0.8679423332214355
0.0650582164525985,-0.0560550913214683,0.6271029114723206
0.1674069464206695,-0.1672359406948089,0.8267888426780701
0.3045498728752136,-0.316213309764862,0.9741257429122924
0.4647223949432373,-0.4902075529098511,1.0564751625061035
0.6341841220855713,-0.674292802810669,1.0667724609375
0.7983982563018799,-0.852677583694458,1.004134178161621
0.0051720812916755,0.0089990124106407,0.0489274337887764
0.1071462407708168,-0.1017751321196556,0.6002565622329712
0.2375968396663665,-0.2434827387332916,0.7602955102920532
0.3938561975955963,-0.4132263660430908,0.8576647043228149
0.5625202059745789,-0.596444845199585,0.8840115070343018
0.7291197180747986,-0.777420699596405,0.8370758891105652
0.8793635964393616,-0.9406296014785768,0.720883846282959
-0.0403157770633697,0.0584121271967887,0.057393480092287
0.1439848840236663,-0.1417912244796753,0.5599770545959473
0.2956872582435608,-0.3065829277038574,0.6719748973846436
0.4628615081310272,-0.4881820678710937,0.714270830154419
0.6311662197113037,-0.6710094809532166,0.6832343935966492
0.7861616611480713,-0.8393785357475281,0.5815280675888062
-0.1027580797672271,0.1262407302856445,-0.1678388267755508
-0.0832965075969696,0.105100430548191,0.0809233486652374
0.1223321706056594,-0.0549474209547042,0.080923780798912
0.147603377699852,-0.06862373650074,-0.1678382903337478
-1.006683588027954,0.5560528635978699,0.5815284848213196
-0.8054175972938538,0.4471319913864136,0.6832348704338074
-0.5868690609931946,0.3288581967353821,0.7142711877822876
-0.3697884082794189,0.2113785147666931,0.6719752550125122
-0.1727983206510543,0.1047718077898025,0.5599777698516846
0.0665217563509941,-0.0247431024909019,0.0573940053582191
-1.1277157068252563,0.6215475797653198,0.7208845019340515
-0.9326185584068298,0.51596599817276,0.8370766043663025
-0.7162830829620361,0.3988906741142273,0.8840121030807495
-0.4972667694091797,0.2803644239902496,0.8576651811599731
-0.2943581938743591,0.1705557405948639,0.760296106338501
-0.1249633058905601,0.0788834765553474,0.6002570390701294
0.0074543058872222,0.0072228610515594,0.048927865922451
-1.0225791931152344,0.5646502375602722,1.0041346549987793
-0.8093411922454834,0.4492511749267578,1.0667729377746582
-0.5892889499664307,0.3301646113395691,1.0564757585525513
-0.3812990188598633,0.2176058292388916,0.9741262793540956
-0.2032139301300048,0.1212308332324028,0.826789379119873
-0.0703101903200149,0.0493068471550941,0.6271033883094788
-0.1011495366692543,0.0659959986805915,0.8679428696632385
-0.0117172598838806,0.0175976008176803,0.6390974521636963
0.0477388426661491,-0.0145784765481948,0.6356087923049927
-0.0383147597312927,0.0319914296269416,0.6356082558631897
0.0211412087082862,-0.0001846328377723,0.6390969157218933
0.1105733141303062,-0.0485828444361686,0.8679423928260803
0.0797341540455818,-0.0318935588002204,0.6271029114723206
0.2126378715038299,-0.1038177087903022,0.8267888426780701
0.3907228708267212,-0.2001926898956298,0.9741258025169371
0.5987127423286438,-0.3127515912055969,1.056475043296814
0.8187649250030518,-0.431838184595108,1.0667724609375
1.0320029258728027,-0.5472372770309448,1.0041340589523315
0.0019697323441505,0.0101907327771186,0.0489273965358734
0.1343871355056762,-0.0614703223109245,0.6002565622329712
0.3037819564342499,-0.1531425714492797,0.760295569896698
0.506690502166748,-0.2629514932632446,0.8576646447181702
0.7257067561149597,-0.3814774751663208,0.8840116262435913
0.9420422911643982,-0.4985527992248535,0.83707594871521
1.1371394395828247,-0.6041342616081238,0.7208840847015381
-0.0570977255702018,0.0421566292643547,0.0573935583233833
0.1822229623794555,-0.0873565599322319,0.5599771738052368
0.3792135119438171,-0.1939619183540344,0.671974778175354
0.5962949991226196,-0.3114399313926697,0.7142707109451294
0.8148447275161743,-0.429712176322937,0.683234453201294
1.0161114931106567,-0.5386314392089844,0.5815281867980957
-0.1381809413433075,0.0860354080796241,-0.1678386926651001
-0.112909510731697,0.0723593160510063,0.0809232741594314
0.1335452646017074,-0.0122488886117935,0.0809237658977508
0.1618879437446594,-0.0169786885380744,-0.1678383201360702
-1.1326889991760254,0.1990539133548736,0.5815284848213196
-0.9069613814353944,0.1613857448101043,0.6832348704338074
-0.6618510484695435,0.1204831600189209,0.7142711877822876
-0.4183867871761322,0.0798551216721534,0.6719751954078674
-0.1974551975727081,0.0429873839020729,0.5599775910377502
0.0709514394402504,-0.0018027499318122,0.0573940649628639
-1.2684292793273926,0.2217006683349609,0.7208844423294067
-1.0496208667755127,0.1851877272129058,0.8370764851570129
-0.8069927096366882,0.144700214266777,0.8840120434761047
-0.5613579154014587,0.1037108600139617,0.8576651811599731
-0.3337886333465576,0.0657362565398216,0.760296106338501
-0.1438060104846954,0.0340337455272674,0.6002570390701294
0.0047049149870872,0.0092517212033271,0.0489279106259346
-1.1505149602890017,0.2020241022109985,1.0041346549987793
-0.9113607406616212,0.1621160209178924,1.0667728185653689
-0.6645641922950745,0.1209329962730407,1.0564756393432615
-0.4312958419322967,0.0820074155926704,0.9741263389587402
-0.2315671443939209,0.0486784279346466,0.826789379119873
-0.082510732114315,0.0238054394721984,0.6271034479141235
-0.117097832262516,0.0295767784118652,0.8679428696632385
-0.0167963504791259,0.0128394439816474,0.6390973925590515
0.0498856529593467,0.001712217926979,0.6356087923049927
-0.0466265529394149,0.0178173780441284,0.6356081962585449
0.0200554728507995,0.006690002977848,0.6390969157218933
0.1203568875789642,-0.010047324001789,0.8679423332214355
0.0857697278261184,-0.0042756423354148,0.6271029114723206
0.2348260581493377,-0.0291489735245704,0.8267888426780701
0.4345549046993255,-0.0624779537320137,0.9741258025169371
0.6678231954574585,-0.1014035940170288,1.0564751625061035
0.9146197438240052,-0.1425869166851043,1.0667723417282104
1.1537739038467407,-0.1824945211410522,1.004134178161621
-0.0014458745718002,0.0102781280875206,0.0489274598658084
0.1470650285482406,-0.0145041495561599,0.6002565026283264
0.3370475471019745,-0.0462068617343902,0.7602955102920532
0.5646167993545532,-0.0841814428567886,0.8576648235321045
0.8102515339851379,-0.1251708269119262,0.884011447429657
1.052879810333252,-0.165658414363861,0.8370758891105652
1.2716882228851318,-0.2021710574626922,0.7208839058876038
-0.0676923915743827,0.0213328152894973,0.0573935061693191
0.200714111328125,-0.0234556123614311,0.5599771738052368
0.4216460585594177,-0.0603219047188758,0.671974778175354
0.6651105880737305,-0.1009479984641075,0.714270830154419
0.9102214574813844,-0.1418491601943969,0.683234453201294
1.1359491348266602,-0.1795156449079513,0.5815280675888062
-0.1586294770240783,0.0365062803030014,-0.1678387224674224
-0.1302868127822876,0.0317770317196846,0.0809233263134956
0.1302866339683532,0.0317768678069114,0.0809237658977508
0.158629298210144,0.0365061685442924,-0.1678382754325866
-1.1359493732452393,-0.1795157641172409,0.5815284848213196
-0.9102216958999634,-0.1418492645025253,0.6832349300384521
-0.6651109457015991,-0.1009482517838478,0.714271068572998
-0.4216464161872864,-0.0603218302130699,0.6719752550125122
-0.2007144689559936,-0.0234556496143341,0.5599777102470398
0.0676925256848335,0.0213328599929809,0.057393979281187
-1.2716882228851318,-0.2021709978580474,0.7208844423294067
-1.052879810333252,-0.1656582653522491,0.8370764851570129
-0.8102515935897827,-0.1251707375049591,0.8840120434761047
-0.5646167993545532,-0.0841815322637558,0.8576651215553284
-0.3370475172996521,-0.0462068021297454,0.760296106338501
-0.1470649093389511,-0.0145040899515151,0.6002570390701294
0.0014458149671554,0.0102781429886817,0.0489278882741928
-1.1537740230560305,-0.1824946403503418,1.0041347742080688
-0.9146197438240052,-0.1425868421792984,1.0667729377746582
-0.6678231954574585,-0.1014037951827049,1.0564756393432615
-0.4345548748970032,-0.0624780133366584,0.9741263389587402
-0.2348260581493377,-0.0291491523385047,0.8267893195152283
-0.0857697278261184,-0.0042757019400596,0.6271035075187683
-0.1203567758202552,-0.0100473687052726,0.8679429888725281
-0.0200552865862846,0.0066900476813316,0.6390975117683411
0.0466267243027687,0.017817348241806,0.6356089115142822
-0.0498854219913482,0.0017121955752372,0.6356081962585449
0.0167966485023498,0.012839488685131,0.6390968561172485
0.1170981377363205,0.0295767411589622,0.8679423332214355
0.0825109705328941,0.0238053128123283,0.6271029114723206
0.2315671741962433,0.0486783683300018,0.8267887830734253
0.4312960505485534,0.0820072963833808,0.9741257429122924
0.664564311504364,0.1209328547120094,1.056475043296814
0.9113608598709106,0.1621160209178924,1.0667723417282104
1.150515079498291,0.2020239830017089,1.0041340589523315
-0.0047048106789588,0.0092517882585525,0.0489273965358734
0.1438060998916626,0.034033678472042,0.6002565622329712
0.3337886333465576,0.0657360553741455,0.7602955102920532
0.5613579154014587,0.1037108525633812,0.8576646447181702
0.8069927096366882,0.1447002291679382,0.8840115666389465
1.0496208667755127,0.1851876378059387,0.83707594871521
1.2684292793273926,0.2217004895210266,0.7208839654922485
-0.0709512755274772,-0.0018029138445854,0.0573935657739639
0.1974549293518066,0.0429871752858161,0.559977114200592
0.4183864593505859,0.0798550695180893,0.6719748973846436
0.6618507504463196,0.1204829737544059,0.7142706513404846
0.9069613814353944,0.161385953426361,0.683234453201294
1.1326887607574463,0.1990538239479065,0.5815281867980957
-0.1618881225585937,-0.016978733241558,-0.1678387969732284
-0.1335455328226089,-0.0122489482164382,0.080923318862915
0.1129094064235687,0.0723592564463615,0.0809237957000732
0.1381807625293731,0.086035244166851,-0.167838305234909
-1.0161116123199463,-0.538631796836853,0.5815284848213196
-0.8148447871208191,-0.4297124445438385,0.6832348704338074
-0.5962950587272644,-0.3114401698112488,0.7142711877822876
-0.3792136013507843,-0.1939620971679687,0.671975314617157
-0.1822228729724884,-0.0873567685484886,0.5599777698516846
0.0570976659655571,0.0421564206480979,0.0573939308524131
-1.1371395587921145,-0.6041344404220581,0.7208844423294067
-0.9420424103736876,-0.4985528588294983,0.8370764255523682
-0.725706934928894,-0.3814775049686432,0.8840121030807495
-0.5066906213760376,-0.2629513740539551,0.8576653003692627
-0.3037821054458618,-0.1531425714492797,0.7602960467338562
-0.1343871504068374,-0.0614702478051185,0.6002570390701294
-0.0019696056842803,0.0101908668875694,0.0489278882741928
-1.0320028066635132,-0.5472372770309448,1.0041346549987793
-0.8187647461891174,-0.4318383634090423,1.0667729377746582
-0.5987125635147095,-0.3127516210079193,1.0564757585525513
-0.3907226622104645,-0.2001928687095642,0.9741263389587402
-0.2126376628875732,-0.1038177832961082,0.8267893195152283
-0.079734019935131,-0.0318935588002204,0.6271033883094788
-0.1105731502175331,-0.0485829338431358,0.8679428696632385
-0.0211409106850624,-0.0001844391226768,0.6390973925590515
0.0383151173591613,0.0319915935397148,0.6356087923049927
-0.0477384999394416,-0.0145784094929695,0.6356081366539001
0.0117174983024597,0.0175976902246475,0.6390969753265381
0.1011497154831886,0.0659960880875587,0.8679423332214355
0.0703106299042701,0.0493068099021911,0.6271029710769653
0.2032141834497451,0.121230773627758,0.8267888426780701
0.3812992572784424,0.2176058739423751,0.9741258025169371
0.5892892479896545,0.3301645517349243,1.056475043296814
0.8093414306640625,0.4492511749267578,1.0667724609375
1.0225794315338137,0.5646503567695618,1.004134178161621
-0.0074539482593536,0.007222793996334,0.0489274412393569
0.1249635070562362,0.0788834914565086,0.6002565622329712
0.294358342885971,0.1705556809902191,0.7602956295013428
0.497266948223114,0.2803644239902496,0.8576647043228149
0.7162832021713257,0.3988904953002929,0.8840115666389465
0.9326186776161194,0.5159658789634705,0.8370760083198547
1.1277159452438354,0.621547520160675,0.7208840847015381
-0.0665216445922851,-0.0247430726885795,0.0573935769498348
0.1727983206510543,0.1047715172171592,0.5599771738052368
0.3697879910469055,0.2113784402608871,0.6719748377799988
0.5868687033653259,0.3288578987121582,0.7142707109451294
0.805417537689209,0.4471319317817688,0.683234453201294
1.0066832304000854,0.5560528039932251,0.5815280675888062
-0.147603377699852,-0.0686239525675773,-0.1678387522697448
-0.1223322376608848,-0.0549476668238639,0.0809233263134956
0.0832965150475502,0.1051002666354179,0.080923706293106
0.1027581766247749,0.1262407600879669,-0.1678382754325866
-0.7861616611480713,-0.839378833770752,0.5815285444259644
-0.6311664581298828,-0.6710096597671509,0.6832348704338074
-0.46286141872406,-0.48818239569664,0.7142713069915771
-0.2956871390342712,-0.3065832257270813,0.6719753742218018
-0.1439846903085708,-0.1417913734912872,0.5599777102470398
0.040315642952919,0.0584119483828544,0.0573939457535743
-0.8793636560440063,-0.9406297206878662,0.7208844423294067
-0.7291197776794434,-0.7774209976196289,0.8370763659477234
-0.5625202655792236,-0.5964450836181641,0.8840120434761047
-0.3938562870025635,-0.4132264852523803,0.8576651215553284
-0.2375969290733337,-0.2434829175472259,0.7602959871292114
-0.1071462631225586,-0.1017751768231391,0.6002570390701294
-0.0051718279719352,0.0089989826083183,0.048927929252386
-0.7983980178833008,-0.8526774644851685,1.0041346549987793
-0.6341838240623474,-0.674292802810669,1.0667730569839478
-0.4647221565246582,-0.4902077317237854,1.0564756393432615
-0.3045496344566345,-0.3162133693695068,0.9741262793540956
-0.1674066483974456,-0.1672358512878418,0.8267894387245178
-0.0650580376386642,-0.0560551658272743,0.6271033883094788
-0.0888069048523902,-0.0818536058068275,0.8679429888725281
-0.0199354439973831,-0.00703876465559,0.6390974521636963
0.0258515253663063,0.0426991060376167,0.6356087923049927
-0.0404183939099311,-0.0292891710996627,0.6356082558631897
0.0053685829043388,0.0204488486051559,0.6390969753265381
0.0742402672767639,0.0952634587883949,0.8679422736167908
0.0504910126328468,0.069465085864067,0.6271029114723206
0.152839794754982,0.1806458532810211,0.8267888426780701
0.2899827659130096,0.3296231627464294,0.9741257429122924
0.4501554071903229,0.503617525100708,1.0564751625061035
0.6196170449256897,0.6877025365829468,1.066772222518921
0.7838311791419983,0.8660873174667358,1.0041340589523315
-0.0093953609466552,0.0044110938906669,0.0489273853600025
0.0925790816545486,0.11518494784832,0.600256621837616
0.223029688000679,0.256892442703247,0.7602956295013428
0.3792892098426819,0.4266358911991119,0.8576646447181702
0.547953188419342,0.6098545789718628,0.8840115666389465
0.7145527005195618,0.7908304333686829,0.8370760083198547
0.8647964596748352,0.9540393352508544,0.7208839654922485
-0.0548832342028617,-0.0450020283460617,0.0573934912681579
0.1294161677360534,0.1552023291587829,0.5599771738052368
0.2811170816421509,0.3199955224990845,0.6719750165939331
0.4482903182506561,0.5015956163406372,0.7142707109451294
0.6165936589241028,0.6844241619110107,0.6832345724105835
0.7715880274772644,0.8527941703796387,0.5815281867980957
-0.1173236221075058,-0.1128326803445816,-0.1678386926651001
-0.0978625118732452,-0.0916917026042938,0.080923318862915
0.0446572676301002,0.1264519393444061,0.0809237509965896
0.0561997815966606,0.152766078710556,-0.1678383648395538
-0.4710189402103424,-1.0491656064987185,0.5815284252166748
-0.3790911734104156,-0.8395921587944031,0.6832348704338074
-0.2792693972587585,-0.6120225787162781,0.7142711877822876
-0.1801182776689529,-0.3859815001487732,0.6719753742218018
-0.0901437476277351,-0.1808607876300811,0.559977650642395
0.0191648453474044,0.0683373734354972,0.0573939643800258
-0.5262945890426636,-1.175193190574646,0.720884382724762
-0.4371853172779083,-0.97204327583313,0.8370764851570129
-0.3383755683898926,-0.7467782497406006,0.88401198387146
-0.2383414059877395,-0.518721878528595,0.8576652407646179
-0.1456643640995025,-0.3074381649494171,0.7602960467338562
-0.0682943910360336,-0.1310510337352752,0.6002570390701294
-0.0078136175870895,0.006832055747509,0.0489279478788375
-0.4782738387584686,-1.065717101097107,1.0041347742080688
-0.3808788657188415,-0.8436774015426636,1.0667729377746582
-0.2803714573383331,-0.6145421862602234,1.0564757585525513
-0.1853735744953155,-0.3979673683643341,0.9741263389587402
-0.1040346026420593,-0.2125318348407745,0.826789379119873
-0.0433317869901657,-0.0741423442959785,0.6271034479141235
-0.0574172660708427,-0.1062543019652366,0.8679428696632385
-0.0165697820484638,-0.01313067227602,0.6390974521636963
0.0105860978364944,0.0487794205546379,0.6356087923049927
-0.0287181288003921,-0.0408261194825172,0.6356081962585449
-0.0015619471669197,0.0210838764905929,0.6390969157218933
0.0392857044935226,0.1142074316740036,0.8679422736167908
0.0251999944448471,0.082095481455326,0.6271030306816101
0.0859028398990631,0.2204847782850265,0.8267888426780701
0.1672420054674148,0.405920535326004,0.9741259217262268
0.2622399628162384,0.6224953532218933,1.056475281715393
0.3627473711967468,0.8516303300857544,1.0667724609375
0.4601422548294067,1.0736699104309082,1.004134178161621
-0.0103185549378395,0.0011212825775146,0.0489274561405181
0.0501623041927814,0.1390043348073959,0.6002565622329712
0.1275322288274765,0.3153911530971527,0.760295569896698
0.2202092707157135,0.5266749858856201,0.8576647043228149
0.3202434778213501,0.7547314167022705,0.8840115666389465
0.4190531969070434,0.9799962639808656,0.83707594871521
0.5081624388694763,1.183146357536316,0.7208840847015381
-0.0372974015772342,-0.0603842437267303,0.0573935285210609
0.0720097497105598,0.1888144314289093,0.5599772334098816
0.1619827896356582,0.3939359188079834,0.6719748973846436
0.2611323595046997,0.6199774742126465,0.7142707109451294
0.360952228307724,0.8475480079650879,0.6832343935966492
0.4528781473636627,1.057121992111206,0.5815280675888062
-0.0743299424648284,-0.1448139250278473,-0.1678387820720672
-0.0627878010272979,-0.1184995993971824,0.080923318862915
0.0011786669492721,0.134100466966629,0.0809237957000732
0.0035516433417797,0.1627368628978729,-0.1678382754325866
-0.1048327907919883,-1.145258545875549,0.5815286636352539
-0.0859347134828567,-0.917191445827484,0.6832348704338074
-0.0654135718941688,-0.6695403456687927,0.714271068572998
-0.0450307689607143,-0.4235525131225586,0.6719752550125122
-0.026534017175436,-0.2003309428691864,0.559977650642395
-0.0040626730769872,0.0708577558398246,0.0573939755558967
-0.1161922812461853,-1.2824056148529053,0.7208845019340515
-0.0978741347789764,-1.0613292455673218,0.8370764851570129
-0.0775619149208068,-0.8161860704421997,0.8840120434761047
-0.0569978505373001,-0.5680055618286133,0.8576651215553284
-0.0379463955760002,-0.338077187538147,0.760296106338501
-0.0220415331423282,-0.1461255252361297,0.6002570390701294
-0.0096086654812097,0.0039247795939445,0.0489279218018054
-0.1063206121325492,-1.163268804550171,1.0041346549987793
-0.0862991735339164,-0.921635925769806,1.0667729377746582
-0.0656379163265228,-0.6722814440727234,1.0564756393432615
-0.0461093746125698,-0.4365953505039215,0.9741262793540956
-0.0293885394930839,-0.2347961068153381,0.826789379119873
-0.0169099606573581,-0.0841949805617332,0.6271034479141235
-0.0198054332286119,-0.1191408708691597,0.8679429292678833
-0.0114085273817181,-0.017799474298954,0.6390973925590515
-0.0058261975646018,0.0495738312602043,0.6356088519096375
-0.013905918225646,-0.0479388311505317,0.6356083154678345
-0.0083235129714012,0.0194344446063041,0.6390969157218933
7.355492562055588e-05,0.1207755878567695,0.8679423928260803
-0.0028219316154718,0.0858297497034072,0.6271029710769653
0.009656760841608,0.2364308536052703,0.8267887830734253
0.0263776145875453,0.438230037689209,0.9741259217262268
0.0459063351154327,0.6739159822463989,1.0564751625061035
0.066567488014698,0.9232705235481262,1.0667723417282104
0.0865889638662338,1.1649036407470703,1.004134178161621
-0.0101236272603273,-0.0022899582982063,0.0489274486899375
0.0023095537908375,0.1477602273225784,0.6002565622329712
0.0182144250720739,0.3397119343280792,0.7602956295013428
0.0372660756111145,0.5696399807929993,0.8576647043228149
0.057830024510622,0.81782066822052,0.8840115070343018
0.0781422331929206,1.0629637241363523,0.8370760083198547
0.0964603647589683,1.284040093421936,0.7208839654922485
-0.015669647604227,-0.0692230686545372,0.0573935583233833
0.0067999572493135,0.2019654214382171,0.5599771738052368
0.0252950191497802,0.425187200307846,0.6719748973846436
0.0456761233508586,0.6711751818656921,0.7142706513404846
0.0661955997347831,0.9188265800476074,0.683234453201294
0.085092082619667,1.1468937397003174,0.5815280675888062
-0.0232813600450754,-0.1611025333404541,-0.1678387373685836
-0.0209089554846286,-0.1324661374092102,0.0809233337640762
-0.0424277186393737,0.1272171735763549,0.080923780798912
-0.049481526017189,0.1550725996494293,-0.167838305234909
0.2727127969264984,-1.1172444820404053,0.5815284848213196
0.2165337800979614,-0.8953983783721924,0.6832349300384521
0.1555302888154983,-0.6545025706291199,0.7142711281776428
0.094936691224575,-0.415224552154541,0.6719753742218018
0.0399511232972145,-0.1980919539928436,0.559977650642395
-0.0268501453101634,0.0656991526484489,0.0573939159512519
0.306500643491745,-1.250648856163025,0.7208843231201172
0.2520427405834198,-1.0356029272079468,0.8370764255523682
0.1916564255952835,-0.7971470952033997,0.8840121030807495
0.1305218487977981,-0.5557364821434021,0.8576651215553284
0.0738833621144294,-0.3320805430412292,0.760296106338501
0.0265996847301721,-0.1453649401664734,0.6002569794654846
-0.0103625301271677,0.0005919858813285,0.0489278845489025
0.2771537005901336,-1.1347620487213137,1.0041345357894895
0.2176320403814315,-0.8997204899787903,1.0667728185653689
0.1562082767486572,-0.6571677923202515,1.0564756393432615
0.0981514900922775,-0.4279110133647918,0.9741263389587402
0.0484420955181121,-0.2316167056560516,0.8267893195152283
0.0113442428410053,-0.0851236954331398,0.6271033883094788
0.0199525654315948,-0.1191161051392555,0.8679429292678833
-0.005010949447751,-0.0205394402146339,0.6390973925590515
-0.021607095375657,0.0449958518147468,0.6356088519096375
0.0024132896214723,-0.0498566478490829,0.6356081962585449
-0.0141828563064336,0.015678770840168,0.6390969157218933
-0.0391461886465549,0.1142554655671119,0.8679423928260803
-0.0305382646620273,0.0802630633115768,0.6271029114723206
-0.0676359385251998,0.2267560809850692,0.8267888426780701
-0.1173453330993652,0.4230502247810364,0.9741257429122924
-0.1754020303487777,0.6523072123527527,1.0564751625061035
-0.2368257939815521,0.8948596715927124,1.0667723417282104
-0.2963475286960602,1.1299011707305908,1.0041340589523315
-0.0088318325579166,-0.0054528936743736,0.0489273965358734
-0.0457935482263565,0.1405041068792343,0.6002564430236816
-0.0930770710110664,0.3272195756435394,0.7602955102920532
-0.1497154384851455,0.5508755445480347,0.8576646447181702
-0.2108500301837921,0.7922860980033875,0.8840115666389465
-0.2712364196777344,1.0307419300079346,0.83707594871521
-0.3256944715976715,1.2457878589630127,0.7208841443061829
0.0076560024172067,-0.0705601796507835,0.0573934912681579
-0.0591469183564186,0.1932302713394165,0.5599771738052368
-0.1141340285539627,0.4103625118732452,0.6719748973846436
-0.1747290939092636,0.6496398448944092,0.7142709493637085
-0.2357346415519714,0.8905354142189026,0.683234453201294
-0.2919151782989502,1.112380862236023,0.5815281271934509
0.0302899703383445,-0.1599330157041549,-0.167838841676712
0.0232356786727905,-0.1320779174566269,0.0809233263134956
-0.0814364477992057,0.1065477654337883,0.0809237286448478
-0.0971525460481643,0.1306033730506897,-0.1678383201360702
0.6207059025764465,-0.9681588411331176,0.5815284252166748
0.4955370426177978,-0.7765746116638184,0.6832348704338074
0.3596203327178955,-0.5685388445854187,0.7142713069915771
0.2246162146329879,-0.3619005084037781,0.6719753742218018
0.1021068766713142,-0.1743866503238678,0.559977650642395
-0.0467278137803077,0.0534209236502647,0.0573939494788646
0.6959792375564575,-1.0833641290664673,0.7208843231201172
0.5746467113494873,-0.8976526856422424,0.8370763659477234
0.4401056468486786,-0.6917245388031006,0.88401198387146
0.3038974702358246,-0.4832445383071899,0.8576651811599731
0.1777067184448242,-0.2900974750518799,0.7602959871292114
0.0723584666848182,-0.1288518607616424,0.6002569198608398
-0.0099931880831718,-0.0028047636151313,0.0489279553294181
0.6305941939353943,-0.9832852482795716,1.0041346549987793
0.4979795217514038,-0.7803056240081787,1.0667730569839478
0.3611270785331726,-0.5708395838737488,1.0564757585525513
0.2317763119935989,-0.3728556036949157,0.9741263389587402
0.1210234463214874,-0.2033379077911377,0.8267894387245178
0.0383693501353263,-0.0768279358744621,0.6271034479141235
0.0575486160814762,-0.1061835065484047,0.8679428696632385
0.0019297674298286,-0.0210535451769828,0.6390975117683411
-0.0350466147065162,0.0355420634150505,0.6356088519096375
0.0184709653258323,-0.0463717058300972,0.6356082558631897
-0.0185052379965782,0.0102239847183227,0.6390969157218933
-0.0741238817572593,0.0953538715839386,0.8679424524307251
-0.0549447759985923,0.0659982562065124,0.6271029710769653
-0.1375986337661743,0.1925082206726074,0.8267888426780701
-0.2483513802289962,0.3620260059833526,0.9741257429122924
-0.3777022063732147,0.5600098967552185,1.056475043296814
-0.5145546197891235,0.7694759368896484,1.0667723417282104
-0.6471693515777588,0.9724555611610411,1.0041340589523315
-0.0065825209021568,-0.0080252587795257,0.0489273779094219
-0.0889338254928588,0.1180218979716301,0.6002565622329712
-0.1942819505929947,0.2792675495147705,0.7602956295013428
-0.3204725980758667,0.4724147021770477,0.8576648235321045
-0.4566808938980102,0.6808945536613464,0.8840116858482361
-0.5912218689918518,0.8868225812911987,0.8370760083198547
-0.7125546336174011,1.0725339651107788,0.7208839654922485
0.0301523581147193,-0.0642512291669845,0.05739351734519
-0.1186839789152145,0.1635554432868957,0.5599771738052368
-0.2411946505308151,0.3510684967041015,0.6719749569892883
-0.3762001395225525,0.5577056407928467,0.7142707109451294
-0.5121188163757324,0.7657403349876404,0.6832345724105835
-0.6372886896133423,0.957323968410492,0.5815281271934509
0.0805792510509491,-0.1414321959018707,-0.1678387522697448
0.0648626163601875,-0.117376908659935,0.0809234231710434
-0.1116200685501098,0.0743321701884269,0.0809238404035568
-0.1342955827713012,0.091981329023838,-0.1678383201360702
0.901435613632202,-0.7141575813293457,0.5815284848213196
0.7208414673805237,-0.5735962986946106,0.6832349896430969
0.5247396230697632,-0.4209649264812469,0.7142711877822876
0.3299551606178283,-0.2693584561347961,0.6719754338264465
0.1531978845596313,-0.1317834854125976,0.5599777102470398
-0.0615419745445251,0.0353541448712348,0.0573940016329288
1.010037541389465,-0.7986794114112854,0.7208844423294067
0.8349785804748535,-0.6624270677566528,0.8370765447616577
0.6408625841140747,-0.5113423466682434,0.8840120434761047
0.4443409442901611,-0.3583853244781494,0.8576652407646179
0.2622728049755096,-0.2166777551174163,0.760296106338501
0.1102760657668113,-0.0983753427863121,0.6002570986747742
-0.0085411369800567,-0.0058976039290428,0.0489279776811599
0.9156996011734008,-0.7252538204193115,1.0041346549987793
0.7243629097938538,-0.5763322710990906,1.0667729377746582
0.5269117951393127,-0.4226518273353576,1.0564756393432615
0.3402841091156006,-0.2773955166339874,0.9741263389587402
0.1804898530244827,-0.153024137020111,0.8267893195152283
0.0612363666296005,-0.0602067038416862,0.6271034479141235
0.0889080613851547,-0.0817442163825035,0.8679429292678833
0.0086612030863761,-0.0192862972617149,0.6390974521636963
-0.0446882247924804,0.0222368165850639,0.6356088519096375
0.0325270369648933,-0.0378616601228714,0.6356081962585449
-0.0208223834633827,0.0036613941192626,0.6390969157218933
-0.1010691300034523,0.0661192685365676,0.8679424524307251
-0.0733975917100906,0.0445817038416862,0.6271029114723206
-0.1926508694887161,0.1373991966247558,0.8267888426780701
-0.3524450957775116,0.261770635843277,0.974125862121582
-0.5390727519989014,0.4070270657539367,1.0564751625061035
-0.7365238666534424,0.5607073903083801,1.0667724609375
-0.9278604984283448,0.7096289992332458,1.004134178161621
-0.0036203116178512,-0.009727694094181,0.0489274822175502
-0.1224372908473014,0.0827503353357315,0.6002564430236816
-0.2744338810443878,0.201052576303482,0.7602955102920532
-0.4565020203590393,0.3427603244781494,0.8576647043228149
-0.6530236005783081,0.4957173764705658,0.8840115666389465
-0.8471396565437317,0.6468021273612976,0.8370758891105652
-1.0221987962722778,0.7830542922019958,0.720883846282959
0.0493805408477783,-0.0509794726967811,0.0573934391140937
-0.1653599888086319,0.1161568388342857,0.5599771738052368
-0.3421179354190826,0.2537304759025574,0.6719748973846436
-0.5369038581848145,0.4053351879119873,0.7142705917358398
-0.7330066561698914,0.557965099811554,0.6832345724105835
-0.913601815700531,0.6985254287719727,0.5815280079841614
0.1221360340714454,-0.107604943215847,-0.1678388267755508
0.099460557103157,-0.0899561941623687,0.0809234231710434
-0.1297080218791961,0.0340616628527641,0.080923743546009
-0.1568855941295623,0.043391890823841,-0.1678383201360702
1.0844802856445312,-0.3827659487724304,0.5815286040306091
0.868030846118927,-0.308459997177124,0.6832349896430969
0.6329951286315918,-0.2277727723121643,0.7142711281776428
0.3995379507541656,-0.1476274728775024,0.6719752550125122
0.1876872777938842,-0.0748998299241066,0.5599777698516846
-0.0696867704391479,0.0134556218981742,0.0573940314352512
1.2146421670913696,-0.427445113658905,0.7208845615386963
1.0048272609710691,-0.3554170429706573,0.8370766043663025
0.7721716165542603,-0.2755482196807861,0.88401198387146
0.5366330146789551,-0.1946893632411956,0.8576651811599731
0.318417340517044,-0.119777612388134,0.760296106338501
0.1362435817718505,-0.0572385862469673,0.6002570390701294
-0.0061633586883544,-0.008351407945156,0.0489279590547084
1.101574182510376,-0.3886297941207886,1.0041346549987793
0.8722498416900635,-0.3099042773246765,1.0667729377746582
0.635597288608551,-0.2286629378795623,1.0564756393432615
0.4119168519973755,-0.1518750488758087,0.9741264581680298
0.2203973829746246,-0.0861279293894767,0.8267892599105835
0.0774676576256752,-0.0370611324906349,0.6271033883094788
0.1106331646442413,-0.0484466329216957,0.8679428696632385
0.0144541934132575,-0.0154291167855262,0.6390975117683411
-0.0494870468974113,0.0065213814377784,0.6356088519096375
0.0430583208799362,-0.0252486392855644,0.6356083154678345
-0.0208829045295715,-0.0032981261610984,0.6390969157218933
-0.1170617043972015,0.0297195166349411,0.8679423928260803
-0.0838960707187652,0.0183339044451713,0.6271029114723206
-0.2268257141113281,0.0674007013440132,0.8267887830734253
-0.4183452427387237,0.1331480592489242,0.9741257429122924
-0.6420255899429321,0.2099359929561615,1.056475043296814
-0.8786782026290894,0.2911771535873413,1.0667724609375
-1.1080026626586914,0.3699027597904205,1.004134178161621
-0.0002651736140251,-0.0103762000799179,0.0489274561405181
-0.1426721215248108,0.0385113209486007,0.6002565622329712
-0.3248459100723266,0.1010502874851226,0.7602955102920532
-0.5430615544319153,0.175962284207344,0.8576647639274597
-0.7786000967025757,0.2568210363388061,0.8840115666389465
-1.0112556219100952,0.3366900384426117,0.8370758891105652
-1.221070647239685,0.4087181091308594,0.7208839654922485
0.0632579997181892,-0.032183438539505,0.0573934912681579
-0.1941164135932922,0.0561705827713012,0.5599771738052368
-0.4059673249721527,0.1288966685533523,0.6719748377799988
-0.6394250392913818,0.2090401649475097,0.7142707109451294
-0.8744615316390991,0.2897253632545471,0.683234453201294
-1.0909113883972168,0.3640306890010834,0.5815281867980957
0.1504578590393066,-0.0621169283986091,-0.167838767170906
0.123280219733715,-0.0527874231338501,0.0809233784675598
-0.1337398290634155,-0.0099001051858067,0.0809238031506538
-0.1624743342399597,-0.0099000642076134,-0.1678383648395538
1.1500041484832764,-0.0098966564983129,0.5815284252166748
0.921155333518982,-0.0098972152918577,0.6832349300384521
0.6726552844047546,-0.0098980367183685,0.7142711877822876
0.4258244037628174,-0.0098989410325884,0.6719751954078674
0.2018377631902694,-0.0098996153101325,0.559977650642395
-0.0702800527215004,-0.009900813922286,0.0573939830064773
1.2876205444335938,-0.0098912473767995,0.7208844423294067
1.065786600112915,-0.0098927076905965,0.8370764851570129
0.8198035359382629,-0.0098943691700696,0.88401198387146
0.5707722306251526,-0.0098960231989622,0.8576651811599731
0.3400563299655914,-0.0098976846784353,0.7602960467338562
0.1474467813968658,-0.0098990257829427,0.6002570390701294
-0.0031176880002021,-0.0099002951756119,0.048927865922451
1.1680757999420166,-0.009891995228827,1.0041346549987793
0.9256146550178528,-0.0098934257403016,1.0667730569839478
0.6754055619239807,-0.0098952809348702,1.0564756393432615
0.4389118254184723,-0.0098970169201493,0.9741262793540956
0.2364211976528167,-0.009898223914206,0.8267894387245178
0.085303820669651,-0.0098993787541985,0.6271033883094788
0.1203693374991417,-0.0098992083221673,0.8679428696632385
0.0186808854341506,-0.0098999384790658,0.6390975117683411
-0.0489233657717704,-0.0099003659561276,0.6356088519096375
0.0489235967397689,-0.009899747557938,0.6356082558631897
-0.0186804756522178,-0.009899984113872,0.6390969157218933
-0.1203689724206924,-0.0099006621167063,0.8679423928260803
-0.0853038355708122,-0.0099005652591586,0.6271029114723206
-0.236421138048172,-0.0099015934392809,0.8267887234687805
-0.4389116466045379,-0.0099028004333376,0.9741258025169371
-0.6754054427146912,-0.009904402308166,1.056475043296814
-0.9256145358085632,-0.0099061308428645,1.0667723417282104
-1.168075680732727,-0.009907784871757,1.004134178161621
0.0031178742647171,-0.0099001629278063,0.0489273890852928
-0.1474464684724807,-0.0099011454731225,0.6002564430236816
-0.340055912733078,-0.0099022854119539,0.7602955102920532
-0.5707719326019287,-0.0099036786705255,0.8576647043228149
-0.8198031783103943,-0.00990548171103,0.8840115666389465
-1.0657862424850464,-0.0099071431905031,0.83707594871521
-1.2876203060150146,-0.0099086184054613,0.7208839058876038
0.0702804028987884,-0.0098997820168733,0.0573934838175773
-0.2018370479345321,-0.0099024670198559,0.5599771738052368
-0.4258238077163696,-0.0099048260599374,0.6719746589660645
-0.6726545095443726,-0.009907342493534,0.7142707109451294
-0.9211546182632446,-0.0099099976941943,0.6832345128059387
-1.1500033140182495,-0.009912559762597,0.5815281867980957
0.1624749898910522,-0.009897731244564,-0.1678387820720672
0.1337404251098632,-0.0098982201889157,0.0809233486652374
